country_code,year,metric,exclusion_reason,student_coverage_share,complete_isced_structure_share
AD,2017,total_students,metric_missing_or_unreliable_after_coverage_filter,,
AL,2022,total_students,metric_missing_or_unreliable_after_coverage_filter,,
AL,2023,total_students,metric_missing_or_unreliable_after_coverage_filter,,
DK,2014,total_students,metric_missing_or_unreliable_after_coverage_filter,,
FR,2015,total_students,metric_missing_or_unreliable_after_coverage_filter,,
FR,2018,total_students,metric_missing_or_unreliable_after_coverage_filter,,
IS,2015,total_students,metric_missing_or_unreliable_after_coverage_filter,,
IS,2016,total_students,metric_missing_or_unreliable_after_coverage_filter,,
ME,2014,total_students,metric_missing_or_unreliable_after_coverage_filter,,
ME,2015,total_students,metric_missing_or_unreliable_after_coverage_filter,,
ME,2016,total_students,metric_missing_or_unreliable_after_coverage_filter,,
VA,2017,total_students,metric_missing_or_unreliable_after_coverage_filter,,
VA,2018,total_students,metric_missing_or_unreliable_after_coverage_filter,,
VA,2019,total_students,metric_missing_or_unreliable_after_coverage_filter,,
VA,2020,total_students,metric_missing_or_unreliable_after_coverage_filter,,
VA,2021,total_students,metric_missing_or_unreliable_after_coverage_filter,,
AD,2017,avg_observed_institution_size,metric_missing_or_unreliable_after_coverage_filter,,
AL,2022,avg_observed_institution_size,metric_missing_or_unreliable_after_coverage_filter,,
AL,2023,avg_observed_institution_size,metric_missing_or_unreliable_after_coverage_filter,,
DK,2014,avg_observed_institution_size,metric_missing_or_unreliable_after_coverage_filter,,
FR,2015,avg_observed_institution_size,metric_missing_or_unreliable_after_coverage_filter,,
FR,2018,avg_observed_institution_size,metric_missing_or_unreliable_after_coverage_filter,,
IS,2015,avg_observed_institution_size,metric_missing_or_unreliable_after_coverage_filter,,
IS,2016,avg_observed_institution_size,metric_missing_or_unreliable_after_coverage_filter,,
ME,2014,avg_observed_institution_size,metric_missing_or_unreliable_after_coverage_filter,,
ME,2015,avg_observed_institution_size,metric_missing_or_unreliable_after_coverage_filter,,
ME,2016,avg_observed_institution_size,metric_missing_or_unreliable_after_coverage_filter,,
VA,2017,avg_observed_institution_size,metric_missing_or_unreliable_after_coverage_filter,,
VA,2018,avg_observed_institution_size,metric_missing_or_unreliable_after_coverage_filter,,
VA,2019,avg_observed_institution_size,metric_missing_or_unreliable_after_coverage_filter,,
VA,2020,avg_observed_institution_size,metric_missing_or_unreliable_after_coverage_filter,,
VA,2021,avg_observed_institution_size,metric_missing_or_unreliable_after_coverage_filter,,
AD,2017,students_per_registered_institution,metric_missing_or_unreliable_after_coverage_filter,,
AL,2022,students_per_registered_institution,metric_missing_or_unreliable_after_coverage_filter,,
AL,2023,students_per_registered_institution,metric_missing_or_unreliable_after_coverage_filter,,
DK,2014,students_per_registered_institution,metric_missing_or_unreliable_after_coverage_filter,,
FR,2015,students_per_registered_institution,metric_missing_or_unreliable_after_coverage_filter,,
FR,2018,students_per_registered_institution,metric_missing_or_unreliable_after_coverage_filter,,
IS,2015,students_per_registered_institution,metric_missing_or_unreliable_after_coverage_filter,,
IS,2016,students_per_registered_institution,metric_missing_or_unreliable_after_coverage_filter,,
ME,2014,students_per_registered_institution,metric_missing_or_unreliable_after_coverage_filter,,
ME,2015,students_per_registered_institution,metric_missing_or_unreliable_after_coverage_filter,,
ME,2016,students_per_registered_institution,metric_missing_or_unreliable_after_coverage_filter,,
VA,2017,students_per_registered_institution,metric_missing_or_unreliable_after_coverage_filter,,
VA,2018,students_per_registered_institution,metric_missing_or_unreliable_after_coverage_filter,,
VA,2019,students_per_registered_institution,metric_missing_or_unreliable_after_coverage_filter,,
VA,2020,students_per_registered_institution,metric_missing_or_unreliable_after_coverage_filter,,
VA,2021,students_per_registered_institution,metric_missing_or_unreliable_after_coverage_filter,,
AD,2017,median_institution_size,metric_missing_or_unreliable_after_coverage_filter,,
AL,2022,median_institution_size,metric_missing_or_unreliable_after_coverage_filter,,
AL,2023,median_institution_size,metric_missing_or_unreliable_after_coverage_filter,,
DK,2014,median_institution_size,metric_missing_or_unreliable_after_coverage_filter,,
FR,2015,median_institution_size,metric_missing_or_unreliable_after_coverage_filter,,
FR,2018,median_institution_size,metric_missing_or_unreliable_after_coverage_filter,,
IS,2015,median_institution_size,metric_missing_or_unreliable_after_coverage_filter,,
IS,2016,median_institution_size,metric_missing_or_unreliable_after_coverage_filter,,
ME,2014,median_institution_size,metric_missing_or_unreliable_after_coverage_filter,,
ME,2015,median_institution_size,metric_missing_or_unreliable_after_coverage_filter,,
ME,2016,median_institution_size,metric_missing_or_unreliable_after_coverage_filter,,
VA,2017,median_institution_size,metric_missing_or_unreliable_after_coverage_filter,,
VA,2018,median_institution_size,metric_missing_or_unreliable_after_coverage_filter,,
VA,2019,median_institution_size,metric_missing_or_unreliable_after_coverage_filter,,
VA,2020,median_institution_size,metric_missing_or_unreliable_after_coverage_filter,,
VA,2021,median_institution_size,metric_missing_or_unreliable_after_coverage_filter,,
AD,2017,isced5_share,metric_missing_or_unreliable_after_coverage_filter,,
AD,2018,isced5_share,metric_missing_or_unreliable_after_coverage_filter,,
AD,2019,isced5_share,metric_missing_or_unreliable_after_coverage_filter,,
AD,2020,isced5_share,metric_missing_or_unreliable_after_coverage_filter,,
AD,2021,isced5_share,metric_missing_or_unreliable_after_coverage_filter,,
AD,2022,isced5_share,metric_missing_or_unreliable_after_coverage_filter,,
AD,2023,isced5_share,metric_missing_or_unreliable_after_coverage_filter,,
AL,2013,isced5_share,metric_missing_or_unreliable_after_coverage_filter,,
AL,2014,isced5_share,metric_missing_or_unreliable_after_coverage_filter,,
AL,2015,isced5_share,metric_missing_or_unreliable_after_coverage_filter,,
AL,2016,isced5_share,metric_missing_or_unreliable_after_coverage_filter,,
AL,2022,isced5_share,metric_missing_or_unreliable_after_coverage_filter,,
AL,2023,isced5_share,metric_missing_or_unreliable_after_coverage_filter,,
BE,2014,isced5_share,metric_missing_or_unreliable_after_coverage_filter,,
BE,2015,isced5_share,metric_missing_or_unreliable_after_coverage_filter,,
BE,2016,isced5_share,metric_missing_or_unreliable_after_coverage_filter,,
BE,2017,isced5_share,metric_missing_or_unreliable_after_coverage_filter,,
BE,2018,isced5_share,metric_missing_or_unreliable_after_coverage_filter,,
BE,2019,isced5_share,metric_missing_or_unreliable_after_coverage_filter,,
BE,2020,isced5_share,metric_missing_or_unreliable_after_coverage_filter,,
BE,2021,isced5_share,metric_missing_or_unreliable_after_coverage_filter,,
BE,2022,isced5_share,metric_missing_or_unreliable_after_coverage_filter,,
BE,2023,isced5_share,metric_missing_or_unreliable_after_coverage_filter,,
DK,2014,isced5_share,metric_missing_or_unreliable_after_coverage_filter,,
FR,2014,isced5_share,metric_missing_or_unreliable_after_coverage_filter,,
FR,2015,isced5_share,metric_missing_or_unreliable_after_coverage_filter,,
FR,2017,isced5_share,metric_missing_or_unreliable_after_coverage_filter,,
FR,2018,isced5_share,metric_missing_or_unreliable_after_coverage_filter,,
FR,2019,isced5_share,metric_missing_or_unreliable_after_coverage_filter,,
FR,2020,isced5_share,metric_missing_or_unreliable_after_coverage_filter,,
FR,2021,isced5_share,metric_missing_or_unreliable_after_coverage_filter,,
FR,2022,isced5_share,metric_missing_or_unreliable_after_coverage_filter,,
FR,2023,isced5_share,metric_missing_or_unreliable_after_coverage_filter,,
IS,2015,isced5_share,metric_missing_or_unreliable_after_coverage_filter,,
IS,2016,isced5_share,metric_missing_or_unreliable_after_coverage_filter,,
IS,2020,isced5_share,metric_missing_or_unreliable_after_coverage_filter,,
IS,2021,isced5_share,metric_missing_or_unreliable_after_coverage_filter,,
IS,2022,isced5_share,metric_missing_or_unreliable_after_coverage_filter,,
IS,2023,isced5_share,metric_missing_or_unreliable_after_coverage_filter,,
LT,2015,isced5_share,metric_missing_or_unreliable_after_coverage_filter,,
LT,2016,isced5_share,metric_missing_or_unreliable_after_coverage_filter,,
LT,2018,isced5_share,metric_missing_or_unreliable_after_coverage_filter,,
LT,2020,isced5_share,metric_missing_or_unreliable_after_coverage_filter,,
LT,2021,isced5_share,metric_missing_or_unreliable_after_coverage_filter,,
LU,2016,isced5_share,metric_missing_or_unreliable_after_coverage_filter,,
LU,2017,isced5_share,metric_missing_or_unreliable_after_coverage_filter,,
LU,2018,isced5_share,metric_missing_or_unreliable_after_coverage_filter,,
LU,2019,isced5_share,metric_missing_or_unreliable_after_coverage_filter,,
LU,2020,isced5_share,metric_missing_or_unreliable_after_coverage_filter,,
LU,2021,isced5_share,metric_missing_or_unreliable_after_coverage_filter,,
LU,2022,isced5_share,metric_missing_or_unreliable_after_coverage_filter,,
LU,2023,isced5_share,metric_missing_or_unreliable_after_coverage_filter,,
LV,2023,isced5_share,metric_missing_or_unreliable_after_coverage_filter,,
ME,2014,isced5_share,metric_missing_or_unreliable_after_coverage_filter,,
ME,2015,isced5_share,metric_missing_or_unreliable_after_coverage_filter,,
ME,2016,isced5_share,metric_missing_or_unreliable_after_coverage_filter,,
ME,2022,isced5_share,metric_missing_or_unreliable_after_coverage_filter,,
MK,2014,isced5_share,metric_missing_or_unreliable_after_coverage_filter,,
MK,2015,isced5_share,metric_missing_or_unreliable_after_coverage_filter,,
MK,2016,isced5_share,metric_missing_or_unreliable_after_coverage_filter,,
MK,2017,isced5_share,metric_missing_or_unreliable_after_coverage_filter,,
MK,2018,isced5_share,metric_missing_or_unreliable_after_coverage_filter,,
MK,2019,isced5_share,metric_missing_or_unreliable_after_coverage_filter,,
MT,2017,isced5_share,metric_missing_or_unreliable_after_coverage_filter,,
NL,2023,isced5_share,metric_missing_or_unreliable_after_coverage_filter,,
RO,2014,isced5_share,metric_missing_or_unreliable_after_coverage_filter,,
RO,2015,isced5_share,metric_missing_or_unreliable_after_coverage_filter,,
RO,2016,isced5_share,metric_missing_or_unreliable_after_coverage_filter,,
RO,2017,isced5_share,metric_missing_or_unreliable_after_coverage_filter,,
RO,2018,isced5_share,metric_missing_or_unreliable_after_coverage_filter,,
RO,2019,isced5_share,metric_missing_or_unreliable_after_coverage_filter,,
RO,2020,isced5_share,metric_missing_or_unreliable_after_coverage_filter,,
RO,2021,isced5_share,metric_missing_or_unreliable_after_coverage_filter,,
RS,2014,isced5_share,metric_missing_or_unreliable_after_coverage_filter,,
RS,2015,isced5_share,metric_missing_or_unreliable_after_coverage_filter,,
UK,2017,isced5_share,metric_missing_or_unreliable_after_coverage_filter,,
UK,2018,isced5_share,metric_missing_or_unreliable_after_coverage_filter,,
UK,2019,isced5_share,metric_missing_or_unreliable_after_coverage_filter,,
UK,2020,isced5_share,metric_missing_or_unreliable_after_coverage_filter,,
UK,2021,isced5_share,metric_missing_or_unreliable_after_coverage_filter,,
UK,2023,isced5_share,metric_missing_or_unreliable_after_coverage_filter,,
VA,2017,isced5_share,metric_missing_or_unreliable_after_coverage_filter,,
VA,2018,isced5_share,metric_missing_or_unreliable_after_coverage_filter,,
VA,2019,isced5_share,metric_missing_or_unreliable_after_coverage_filter,,
VA,2020,isced5_share,metric_missing_or_unreliable_after_coverage_filter,,
VA,2021,isced5_share,metric_missing_or_unreliable_after_coverage_filter,,
XK,2017,isced5_share,metric_missing_or_unreliable_after_coverage_filter,,
XK,2018,isced5_share,metric_missing_or_unreliable_after_coverage_filter,,
XK,2019,isced5_share,metric_missing_or_unreliable_after_coverage_filter,,
XK,2022,isced5_share,metric_missing_or_unreliable_after_coverage_filter,,
XK,2023,isced5_share,metric_missing_or_unreliable_after_coverage_filter,,
AD,2017,isced6_share,metric_missing_or_unreliable_after_coverage_filter,,
AD,2018,isced6_share,metric_missing_or_unreliable_after_coverage_filter,,
AD,2019,isced6_share,metric_missing_or_unreliable_after_coverage_filter,,
AD,2020,isced6_share,metric_missing_or_unreliable_after_coverage_filter,,
AD,2021,isced6_share,metric_missing_or_unreliable_after_coverage_filter,,
AD,2022,isced6_share,metric_missing_or_unreliable_after_coverage_filter,,
AD,2023,isced6_share,metric_missing_or_unreliable_after_coverage_filter,,
AL,2013,isced6_share,metric_missing_or_unreliable_after_coverage_filter,,
AL,2014,isced6_share,metric_missing_or_unreliable_after_coverage_filter,,
AL,2015,isced6_share,metric_missing_or_unreliable_after_coverage_filter,,
AL,2016,isced6_share,metric_missing_or_unreliable_after_coverage_filter,,
AL,2022,isced6_share,metric_missing_or_unreliable_after_coverage_filter,,
AL,2023,isced6_share,metric_missing_or_unreliable_after_coverage_filter,,
BE,2014,isced6_share,metric_missing_or_unreliable_after_coverage_filter,,
BE,2015,isced6_share,metric_missing_or_unreliable_after_coverage_filter,,
BE,2016,isced6_share,metric_missing_or_unreliable_after_coverage_filter,,
BE,2017,isced6_share,metric_missing_or_unreliable_after_coverage_filter,,
BE,2018,isced6_share,metric_missing_or_unreliable_after_coverage_filter,,
BE,2019,isced6_share,metric_missing_or_unreliable_after_coverage_filter,,
BE,2020,isced6_share,metric_missing_or_unreliable_after_coverage_filter,,
BE,2021,isced6_share,metric_missing_or_unreliable_after_coverage_filter,,
BE,2022,isced6_share,metric_missing_or_unreliable_after_coverage_filter,,
BE,2023,isced6_share,metric_missing_or_unreliable_after_coverage_filter,,
DK,2014,isced6_share,metric_missing_or_unreliable_after_coverage_filter,,
FR,2014,isced6_share,metric_missing_or_unreliable_after_coverage_filter,,
FR,2015,isced6_share,metric_missing_or_unreliable_after_coverage_filter,,
FR,2017,isced6_share,metric_missing_or_unreliable_after_coverage_filter,,
FR,2018,isced6_share,metric_missing_or_unreliable_after_coverage_filter,,
FR,2019,isced6_share,metric_missing_or_unreliable_after_coverage_filter,,
FR,2020,isced6_share,metric_missing_or_unreliable_after_coverage_filter,,
FR,2021,isced6_share,metric_missing_or_unreliable_after_coverage_filter,,
FR,2022,isced6_share,metric_missing_or_unreliable_after_coverage_filter,,
FR,2023,isced6_share,metric_missing_or_unreliable_after_coverage_filter,,
IS,2015,isced6_share,metric_missing_or_unreliable_after_coverage_filter,,
IS,2016,isced6_share,metric_missing_or_unreliable_after_coverage_filter,,
IS,2020,isced6_share,metric_missing_or_unreliable_after_coverage_filter,,
IS,2021,isced6_share,metric_missing_or_unreliable_after_coverage_filter,,
IS,2022,isced6_share,metric_missing_or_unreliable_after_coverage_filter,,
IS,2023,isced6_share,metric_missing_or_unreliable_after_coverage_filter,,
LT,2015,isced6_share,metric_missing_or_unreliable_after_coverage_filter,,
LT,2016,isced6_share,metric_missing_or_unreliable_after_coverage_filter,,
LT,2018,isced6_share,metric_missing_or_unreliable_after_coverage_filter,,
LT,2020,isced6_share,metric_missing_or_unreliable_after_coverage_filter,,
LT,2021,isced6_share,metric_missing_or_unreliable_after_coverage_filter,,
LU,2016,isced6_share,metric_missing_or_unreliable_after_coverage_filter,,
LU,2017,isced6_share,metric_missing_or_unreliable_after_coverage_filter,,
LU,2018,isced6_share,metric_missing_or_unreliable_after_coverage_filter,,
LU,2019,isced6_share,metric_missing_or_unreliable_after_coverage_filter,,
LU,2020,isced6_share,metric_missing_or_unreliable_after_coverage_filter,,
LU,2021,isced6_share,metric_missing_or_unreliable_after_coverage_filter,,
LU,2022,isced6_share,metric_missing_or_unreliable_after_coverage_filter,,
LU,2023,isced6_share,metric_missing_or_unreliable_after_coverage_filter,,
LV,2023,isced6_share,metric_missing_or_unreliable_after_coverage_filter,,
ME,2014,isced6_share,metric_missing_or_unreliable_after_coverage_filter,,
ME,2015,isced6_share,metric_missing_or_unreliable_after_coverage_filter,,
ME,2016,isced6_share,metric_missing_or_unreliable_after_coverage_filter,,
ME,2022,isced6_share,metric_missing_or_unreliable_after_coverage_filter,,
MK,2014,isced6_share,metric_missing_or_unreliable_after_coverage_filter,,
MK,2015,isced6_share,metric_missing_or_unreliable_after_coverage_filter,,
MK,2016,isced6_share,metric_missing_or_unreliable_after_coverage_filter,,
MK,2017,isced6_share,metric_missing_or_unreliable_after_coverage_filter,,
MK,2018,isced6_share,metric_missing_or_unreliable_after_coverage_filter,,
MK,2019,isced6_share,metric_missing_or_unreliable_after_coverage_filter,,
MT,2017,isced6_share,metric_missing_or_unreliable_after_coverage_filter,,
NL,2023,isced6_share,metric_missing_or_unreliable_after_coverage_filter,,
RO,2014,isced6_share,metric_missing_or_unreliable_after_coverage_filter,,
RO,2015,isced6_share,metric_missing_or_unreliable_after_coverage_filter,,
RO,2016,isced6_share,metric_missing_or_unreliable_after_coverage_filter,,
RO,2017,isced6_share,metric_missing_or_unreliable_after_coverage_filter,,
RO,2018,isced6_share,metric_missing_or_unreliable_after_coverage_filter,,
RO,2019,isced6_share,metric_missing_or_unreliable_after_coverage_filter,,
RO,2020,isced6_share,metric_missing_or_unreliable_after_coverage_filter,,
RO,2021,isced6_share,metric_missing_or_unreliable_after_coverage_filter,,
RS,2014,isced6_share,metric_missing_or_unreliable_after_coverage_filter,,
RS,2015,isced6_share,metric_missing_or_unreliable_after_coverage_filter,,
UK,2017,isced6_share,metric_missing_or_unreliable_after_coverage_filter,,
UK,2018,isced6_share,metric_missing_or_unreliable_after_coverage_filter,,
UK,2019,isced6_share,metric_missing_or_unreliable_after_coverage_filter,,
UK,2020,isced6_share,metric_missing_or_unreliable_after_coverage_filter,,
UK,2021,isced6_share,metric_missing_or_unreliable_after_coverage_filter,,
UK,2023,isced6_share,metric_missing_or_unreliable_after_coverage_filter,,
VA,2017,isced6_share,metric_missing_or_unreliable_after_coverage_filter,,
VA,2018,isced6_share,metric_missing_or_unreliable_after_coverage_filter,,
VA,2019,isced6_share,metric_missing_or_unreliable_after_coverage_filter,,
VA,2020,isced6_share,metric_missing_or_unreliable_after_coverage_filter,,
VA,2021,isced6_share,metric_missing_or_unreliable_after_coverage_filter,,
XK,2017,isced6_share,metric_missing_or_unreliable_after_coverage_filter,,
XK,2018,isced6_share,metric_missing_or_unreliable_after_coverage_filter,,
XK,2019,isced6_share,metric_missing_or_unreliable_after_coverage_filter,,
XK,2022,isced6_share,metric_missing_or_unreliable_after_coverage_filter,,
XK,2023,isced6_share,metric_missing_or_unreliable_after_coverage_filter,,
AD,2017,isced7_share,metric_missing_or_unreliable_after_coverage_filter,,
AD,2018,isced7_share,metric_missing_or_unreliable_after_coverage_filter,,
AD,2019,isced7_share,metric_missing_or_unreliable_after_coverage_filter,,
AD,2020,isced7_share,metric_missing_or_unreliable_after_coverage_filter,,
AD,2021,isced7_share,metric_missing_or_unreliable_after_coverage_filter,,
AD,2022,isced7_share,metric_missing_or_unreliable_after_coverage_filter,,
AD,2023,isced7_share,metric_missing_or_unreliable_after_coverage_filter,,
AL,2013,isced7_share,metric_missing_or_unreliable_after_coverage_filter,,
AL,2014,isced7_share,metric_missing_or_unreliable_after_coverage_filter,,
AL,2015,isced7_share,metric_missing_or_unreliable_after_coverage_filter,,
AL,2016,isced7_share,metric_missing_or_unreliable_after_coverage_filter,,
AL,2022,isced7_share,metric_missing_or_unreliable_after_coverage_filter,,
AL,2023,isced7_share,metric_missing_or_unreliable_after_coverage_filter,,
BE,2014,isced7_share,metric_missing_or_unreliable_after_coverage_filter,,
BE,2015,isced7_share,metric_missing_or_unreliable_after_coverage_filter,,
BE,2016,isced7_share,metric_missing_or_unreliable_after_coverage_filter,,
BE,2017,isced7_share,metric_missing_or_unreliable_after_coverage_filter,,
BE,2018,isced7_share,metric_missing_or_unreliable_after_coverage_filter,,
BE,2019,isced7_share,metric_missing_or_unreliable_after_coverage_filter,,
BE,2020,isced7_share,metric_missing_or_unreliable_after_coverage_filter,,
BE,2021,isced7_share,metric_missing_or_unreliable_after_coverage_filter,,
BE,2022,isced7_share,metric_missing_or_unreliable_after_coverage_filter,,
BE,2023,isced7_share,metric_missing_or_unreliable_after_coverage_filter,,
DK,2014,isced7_share,metric_missing_or_unreliable_after_coverage_filter,,
FR,2014,isced7_share,metric_missing_or_unreliable_after_coverage_filter,,
FR,2015,isced7_share,metric_missing_or_unreliable_after_coverage_filter,,
FR,2017,isced7_share,metric_missing_or_unreliable_after_coverage_filter,,
FR,2018,isced7_share,metric_missing_or_unreliable_after_coverage_filter,,
FR,2019,isced7_share,metric_missing_or_unreliable_after_coverage_filter,,
FR,2020,isced7_share,metric_missing_or_unreliable_after_coverage_filter,,
FR,2021,isced7_share,metric_missing_or_unreliable_after_coverage_filter,,
FR,2022,isced7_share,metric_missing_or_unreliable_after_coverage_filter,,
FR,2023,isced7_share,metric_missing_or_unreliable_after_coverage_filter,,
IS,2015,isced7_share,metric_missing_or_unreliable_after_coverage_filter,,
IS,2016,isced7_share,metric_missing_or_unreliable_after_coverage_filter,,
IS,2020,isced7_share,metric_missing_or_unreliable_after_coverage_filter,,
IS,2021,isced7_share,metric_missing_or_unreliable_after_coverage_filter,,
IS,2022,isced7_share,metric_missing_or_unreliable_after_coverage_filter,,
IS,2023,isced7_share,metric_missing_or_unreliable_after_coverage_filter,,
LT,2015,isced7_share,metric_missing_or_unreliable_after_coverage_filter,,
LT,2016,isced7_share,metric_missing_or_unreliable_after_coverage_filter,,
LT,2018,isced7_share,metric_missing_or_unreliable_after_coverage_filter,,
LT,2020,isced7_share,metric_missing_or_unreliable_after_coverage_filter,,
LT,2021,isced7_share,metric_missing_or_unreliable_after_coverage_filter,,
LU,2016,isced7_share,metric_missing_or_unreliable_after_coverage_filter,,
LU,2017,isced7_share,metric_missing_or_unreliable_after_coverage_filter,,
LU,2018,isced7_share,metric_missing_or_unreliable_after_coverage_filter,,
LU,2019,isced7_share,metric_missing_or_unreliable_after_coverage_filter,,
LU,2020,isced7_share,metric_missing_or_unreliable_after_coverage_filter,,
LU,2021,isced7_share,metric_missing_or_unreliable_after_coverage_filter,,
LU,2022,isced7_share,metric_missing_or_unreliable_after_coverage_filter,,
LU,2023,isced7_share,metric_missing_or_unreliable_after_coverage_filter,,
LV,2023,isced7_share,metric_missing_or_unreliable_after_coverage_filter,,
ME,2014,isced7_share,metric_missing_or_unreliable_after_coverage_filter,,
ME,2015,isced7_share,metric_missing_or_unreliable_after_coverage_filter,,
ME,2016,isced7_share,metric_missing_or_unreliable_after_coverage_filter,,
ME,2022,isced7_share,metric_missing_or_unreliable_after_coverage_filter,,
MK,2014,isced7_share,metric_missing_or_unreliable_after_coverage_filter,,
MK,2015,isced7_share,metric_missing_or_unreliable_after_coverage_filter,,
MK,2016,isced7_share,metric_missing_or_unreliable_after_coverage_filter,,
MK,2017,isced7_share,metric_missing_or_unreliable_after_coverage_filter,,
MK,2018,isced7_share,metric_missing_or_unreliable_after_coverage_filter,,
MK,2019,isced7_share,metric_missing_or_unreliable_after_coverage_filter,,
MT,2017,isced7_share,metric_missing_or_unreliable_after_coverage_filter,,
NL,2023,isced7_share,metric_missing_or_unreliable_after_coverage_filter,,
RO,2014,isced7_share,metric_missing_or_unreliable_after_coverage_filter,,
RO,2015,isced7_share,metric_missing_or_unreliable_after_coverage_filter,,
RO,2016,isced7_share,metric_missing_or_unreliable_after_coverage_filter,,
RO,2017,isced7_share,metric_missing_or_unreliable_after_coverage_filter,,
RO,2018,isced7_share,metric_missing_or_unreliable_after_coverage_filter,,
RO,2019,isced7_share,metric_missing_or_unreliable_after_coverage_filter,,
RO,2020,isced7_share,metric_missing_or_unreliable_after_coverage_filter,,
RO,2021,isced7_share,metric_missing_or_unreliable_after_coverage_filter,,
RS,2014,isced7_share,metric_missing_or_unreliable_after_coverage_filter,,
RS,2015,isced7_share,metric_missing_or_unreliable_after_coverage_filter,,
UK,2017,isced7_share,metric_missing_or_unreliable_after_coverage_filter,,
UK,2018,isced7_share,metric_missing_or_unreliable_after_coverage_filter,,
UK,2019,isced7_share,metric_missing_or_unreliable_after_coverage_filter,,
UK,2020,isced7_share,metric_missing_or_unreliable_after_coverage_filter,,
UK,2021,isced7_share,metric_missing_or_unreliable_after_coverage_filter,,
UK,2023,isced7_share,metric_missing_or_unreliable_after_coverage_filter,,
VA,2017,isced7_share,metric_missing_or_unreliable_after_coverage_filter,,
VA,2018,isced7_share,metric_missing_or_unreliable_after_coverage_filter,,
VA,2019,isced7_share,metric_missing_or_unreliable_after_coverage_filter,,
VA,2020,isced7_share,metric_missing_or_unreliable_after_coverage_filter,,
VA,2021,isced7_share,metric_missing_or_unreliable_after_coverage_filter,,
XK,2017,isced7_share,metric_missing_or_unreliable_after_coverage_filter,,
XK,2018,isced7_share,metric_missing_or_unreliable_after_coverage_filter,,
XK,2019,isced7_share,metric_missing_or_unreliable_after_coverage_filter,,
XK,2022,isced7_share,metric_missing_or_unreliable_after_coverage_filter,,
XK,2023,isced7_share,metric_missing_or_unreliable_after_coverage_filter,,
AD,2017,isced8_share,metric_missing_or_unreliable_after_coverage_filter,,
AD,2018,isced8_share,metric_missing_or_unreliable_after_coverage_filter,,
AD,2019,isced8_share,metric_missing_or_unreliable_after_coverage_filter,,
AD,2020,isced8_share,metric_missing_or_unreliable_after_coverage_filter,,
AD,2021,isced8_share,metric_missing_or_unreliable_after_coverage_filter,,
AD,2022,isced8_share,metric_missing_or_unreliable_after_coverage_filter,,
AD,2023,isced8_share,metric_missing_or_unreliable_after_coverage_filter,,
AL,2013,isced8_share,metric_missing_or_unreliable_after_coverage_filter,,
AL,2014,isced8_share,metric_missing_or_unreliable_after_coverage_filter,,
AL,2015,isced8_share,metric_missing_or_unreliable_after_coverage_filter,,
AL,2016,isced8_share,metric_missing_or_unreliable_after_coverage_filter,,
AL,2022,isced8_share,metric_missing_or_unreliable_after_coverage_filter,,
AL,2023,isced8_share,metric_missing_or_unreliable_after_coverage_filter,,
BE,2014,isced8_share,metric_missing_or_unreliable_after_coverage_filter,,
BE,2015,isced8_share,metric_missing_or_unreliable_after_coverage_filter,,
BE,2016,isced8_share,metric_missing_or_unreliable_after_coverage_filter,,
BE,2017,isced8_share,metric_missing_or_unreliable_after_coverage_filter,,
BE,2018,isced8_share,metric_missing_or_unreliable_after_coverage_filter,,
BE,2019,isced8_share,metric_missing_or_unreliable_after_coverage_filter,,
BE,2020,isced8_share,metric_missing_or_unreliable_after_coverage_filter,,
BE,2021,isced8_share,metric_missing_or_unreliable_after_coverage_filter,,
BE,2022,isced8_share,metric_missing_or_unreliable_after_coverage_filter,,
BE,2023,isced8_share,metric_missing_or_unreliable_after_coverage_filter,,
DK,2014,isced8_share,metric_missing_or_unreliable_after_coverage_filter,,
FR,2014,isced8_share,metric_missing_or_unreliable_after_coverage_filter,,
FR,2015,isced8_share,metric_missing_or_unreliable_after_coverage_filter,,
FR,2017,isced8_share,metric_missing_or_unreliable_after_coverage_filter,,
FR,2018,isced8_share,metric_missing_or_unreliable_after_coverage_filter,,
FR,2019,isced8_share,metric_missing_or_unreliable_after_coverage_filter,,
FR,2020,isced8_share,metric_missing_or_unreliable_after_coverage_filter,,
FR,2021,isced8_share,metric_missing_or_unreliable_after_coverage_filter,,
FR,2022,isced8_share,metric_missing_or_unreliable_after_coverage_filter,,
FR,2023,isced8_share,metric_missing_or_unreliable_after_coverage_filter,,
IS,2015,isced8_share,metric_missing_or_unreliable_after_coverage_filter,,
IS,2016,isced8_share,metric_missing_or_unreliable_after_coverage_filter,,
IS,2020,isced8_share,metric_missing_or_unreliable_after_coverage_filter,,
IS,2021,isced8_share,metric_missing_or_unreliable_after_coverage_filter,,
IS,2022,isced8_share,metric_missing_or_unreliable_after_coverage_filter,,
IS,2023,isced8_share,metric_missing_or_unreliable_after_coverage_filter,,
LT,2015,isced8_share,metric_missing_or_unreliable_after_coverage_filter,,
LT,2016,isced8_share,metric_missing_or_unreliable_after_coverage_filter,,
LT,2018,isced8_share,metric_missing_or_unreliable_after_coverage_filter,,
LT,2020,isced8_share,metric_missing_or_unreliable_after_coverage_filter,,
LT,2021,isced8_share,metric_missing_or_unreliable_after_coverage_filter,,
LU,2016,isced8_share,metric_missing_or_unreliable_after_coverage_filter,,
LU,2017,isced8_share,metric_missing_or_unreliable_after_coverage_filter,,
LU,2018,isced8_share,metric_missing_or_unreliable_after_coverage_filter,,
LU,2019,isced8_share,metric_missing_or_unreliable_after_coverage_filter,,
LU,2020,isced8_share,metric_missing_or_unreliable_after_coverage_filter,,
LU,2021,isced8_share,metric_missing_or_unreliable_after_coverage_filter,,
LU,2022,isced8_share,metric_missing_or_unreliable_after_coverage_filter,,
LU,2023,isced8_share,metric_missing_or_unreliable_after_coverage_filter,,
LV,2023,isced8_share,metric_missing_or_unreliable_after_coverage_filter,,
ME,2014,isced8_share,metric_missing_or_unreliable_after_coverage_filter,,
ME,2015,isced8_share,metric_missing_or_unreliable_after_coverage_filter,,
ME,2016,isced8_share,metric_missing_or_unreliable_after_coverage_filter,,
ME,2022,isced8_share,metric_missing_or_unreliable_after_coverage_filter,,
MK,2014,isced8_share,metric_missing_or_unreliable_after_coverage_filter,,
MK,2015,isced8_share,metric_missing_or_unreliable_after_coverage_filter,,
MK,2016,isced8_share,metric_missing_or_unreliable_after_coverage_filter,,
MK,2017,isced8_share,metric_missing_or_unreliable_after_coverage_filter,,
MK,2018,isced8_share,metric_missing_or_unreliable_after_coverage_filter,,
MK,2019,isced8_share,metric_missing_or_unreliable_after_coverage_filter,,
MT,2017,isced8_share,metric_missing_or_unreliable_after_coverage_filter,,
NL,2023,isced8_share,metric_missing_or_unreliable_after_coverage_filter,,
RO,2014,isced8_share,metric_missing_or_unreliable_after_coverage_filter,,
RO,2015,isced8_share,metric_missing_or_unreliable_after_coverage_filter,,
RO,2016,isced8_share,metric_missing_or_unreliable_after_coverage_filter,,
RO,2017,isced8_share,metric_missing_or_unreliable_after_coverage_filter,,
RO,2018,isced8_share,metric_missing_or_unreliable_after_coverage_filter,,
RO,2019,isced8_share,metric_missing_or_unreliable_after_coverage_filter,,
RO,2020,isced8_share,metric_missing_or_unreliable_after_coverage_filter,,
RO,2021,isced8_share,metric_missing_or_unreliable_after_coverage_filter,,
RS,2014,isced8_share,metric_missing_or_unreliable_after_coverage_filter,,
RS,2015,isced8_share,metric_missing_or_unreliable_after_coverage_filter,,
UK,2017,isced8_share,metric_missing_or_unreliable_after_coverage_filter,,
UK,2018,isced8_share,metric_missing_or_unreliable_after_coverage_filter,,
UK,2019,isced8_share,metric_missing_or_unreliable_after_coverage_filter,,
UK,2020,isced8_share,metric_missing_or_unreliable_after_coverage_filter,,
UK,2021,isced8_share,metric_missing_or_unreliable_after_coverage_filter,,
UK,2023,isced8_share,metric_missing_or_unreliable_after_coverage_filter,,
VA,2017,isced8_share,metric_missing_or_unreliable_after_coverage_filter,,
VA,2018,isced8_share,metric_missing_or_unreliable_after_coverage_filter,,
VA,2019,isced8_share,metric_missing_or_unreliable_after_coverage_filter,,
VA,2020,isced8_share,metric_missing_or_unreliable_after_coverage_filter,,
VA,2021,isced8_share,metric_missing_or_unreliable_after_coverage_filter,,
XK,2017,isced8_share,metric_missing_or_unreliable_after_coverage_filter,,
XK,2018,isced8_share,metric_missing_or_unreliable_after_coverage_filter,,
XK,2019,isced8_share,metric_missing_or_unreliable_after_coverage_filter,,
XK,2022,isced8_share,metric_missing_or_unreliable_after_coverage_filter,,
XK,2023,isced8_share,metric_missing_or_unreliable_after_coverage_filter,,
AD,2017,foreign_students_share,metric_missing_or_unreliable_after_coverage_filter,,
AD,2018,foreign_students_share,metric_missing_or_unreliable_after_coverage_filter,,
AD,2019,foreign_students_share,metric_missing_or_unreliable_after_coverage_filter,,
AD,2020,foreign_students_share,metric_missing_or_unreliable_after_coverage_filter,,
AD,2021,foreign_students_share,metric_missing_or_unreliable_after_coverage_filter,,
AD,2022,foreign_students_share,metric_missing_or_unreliable_after_coverage_filter,,
AD,2023,foreign_students_share,metric_missing_or_unreliable_after_coverage_filter,,
AL,2013,foreign_students_share,metric_missing_or_unreliable_after_coverage_filter,,
AL,2015,foreign_students_share,metric_missing_or_unreliable_after_coverage_filter,,
AL,2016,foreign_students_share,metric_missing_or_unreliable_after_coverage_filter,,
AL,2022,foreign_students_share,metric_missing_or_unreliable_after_coverage_filter,,
AL,2023,foreign_students_share,metric_missing_or_unreliable_after_coverage_filter,,
DK,2014,foreign_students_share,metric_missing_or_unreliable_after_coverage_filter,,
DK,2015,foreign_students_share,metric_missing_or_unreliable_after_coverage_filter,,
DK,2016,foreign_students_share,metric_missing_or_unreliable_after_coverage_filter,,
FR,2015,foreign_students_share,metric_missing_or_unreliable_after_coverage_filter,,
FR,2018,foreign_students_share,metric_missing_or_unreliable_after_coverage_filter,,
GR,2014,foreign_students_share,metric_missing_or_unreliable_after_coverage_filter,,
IS,2014,foreign_students_share,metric_missing_or_unreliable_after_coverage_filter,,
IS,2015,foreign_students_share,metric_missing_or_unreliable_after_coverage_filter,,
IS,2016,foreign_students_share,metric_missing_or_unreliable_after_coverage_filter,,
IS,2017,foreign_students_share,metric_missing_or_unreliable_after_coverage_filter,,
IS,2018,foreign_students_share,metric_missing_or_unreliable_after_coverage_filter,,
IS,2019,foreign_students_share,metric_missing_or_unreliable_after_coverage_filter,,
IS,2020,foreign_students_share,metric_missing_or_unreliable_after_coverage_filter,,
IS,2021,foreign_students_share,metric_missing_or_unreliable_after_coverage_filter,,
IS,2022,foreign_students_share,metric_missing_or_unreliable_after_coverage_filter,,
LV,2014,foreign_students_share,metric_missing_or_unreliable_after_coverage_filter,,
LV,2015,foreign_students_share,metric_missing_or_unreliable_after_coverage_filter,,
LV,2016,foreign_students_share,metric_missing_or_unreliable_after_coverage_filter,,
LV,2017,foreign_students_share,metric_missing_or_unreliable_after_coverage_filter,,
LV,2018,foreign_students_share,metric_missing_or_unreliable_after_coverage_filter,,
LV,2019,foreign_students_share,metric_missing_or_unreliable_after_coverage_filter,,
LV,2021,foreign_students_share,metric_missing_or_unreliable_after_coverage_filter,,
LV,2022,foreign_students_share,metric_missing_or_unreliable_after_coverage_filter,,
LV,2023,foreign_students_share,metric_missing_or_unreliable_after_coverage_filter,,
ME,2014,foreign_students_share,metric_missing_or_unreliable_after_coverage_filter,,
ME,2015,foreign_students_share,metric_missing_or_unreliable_after_coverage_filter,,
ME,2016,foreign_students_share,metric_missing_or_unreliable_after_coverage_filter,,
MK,2015,foreign_students_share,metric_missing_or_unreliable_after_coverage_filter,,
MK,2016,foreign_students_share,metric_missing_or_unreliable_after_coverage_filter,,
NL,2014,foreign_students_share,metric_missing_or_unreliable_after_coverage_filter,,
NL,2015,foreign_students_share,metric_missing_or_unreliable_after_coverage_filter,,
NL,2016,foreign_students_share,metric_missing_or_unreliable_after_coverage_filter,,
RO,2014,foreign_students_share,metric_missing_or_unreliable_after_coverage_filter,,
SI,2017,foreign_students_share,metric_missing_or_unreliable_after_coverage_filter,,
SI,2018,foreign_students_share,metric_missing_or_unreliable_after_coverage_filter,,
SI,2019,foreign_students_share,metric_missing_or_unreliable_after_coverage_filter,,
SI,2020,foreign_students_share,metric_missing_or_unreliable_after_coverage_filter,,
SI,2021,foreign_students_share,metric_missing_or_unreliable_after_coverage_filter,,
SI,2022,foreign_students_share,metric_missing_or_unreliable_after_coverage_filter,,
UK,2017,foreign_students_share,metric_missing_or_unreliable_after_coverage_filter,,
UK,2019,foreign_students_share,metric_missing_or_unreliable_after_coverage_filter,,
UK,2020,foreign_students_share,metric_missing_or_unreliable_after_coverage_filter,,
UK,2021,foreign_students_share,metric_missing_or_unreliable_after_coverage_filter,,
UK,2022,foreign_students_share,metric_missing_or_unreliable_after_coverage_filter,,
UK,2023,foreign_students_share,metric_missing_or_unreliable_after_coverage_filter,,
VA,2017,foreign_students_share,metric_missing_or_unreliable_after_coverage_filter,,
VA,2018,foreign_students_share,metric_missing_or_unreliable_after_coverage_filter,,
VA,2019,foreign_students_share,metric_missing_or_unreliable_after_coverage_filter,,
VA,2020,foreign_students_share,metric_missing_or_unreliable_after_coverage_filter,,
VA,2021,foreign_students_share,metric_missing_or_unreliable_after_coverage_filter,,
XK,2017,foreign_students_share,metric_missing_or_unreliable_after_coverage_filter,,
XK,2018,foreign_students_share,metric_missing_or_unreliable_after_coverage_filter,,
XK,2019,foreign_students_share,metric_missing_or_unreliable_after_coverage_filter,,
XK,2020,foreign_students_share,metric_missing_or_unreliable_after_coverage_filter,,
XK,2021,foreign_students_share,metric_missing_or_unreliable_after_coverage_filter,,
XK,2022,foreign_students_share,metric_missing_or_unreliable_after_coverage_filter,,
AD,2017,student_staff_ratio,metric_missing_or_unreliable_after_coverage_filter,,
AD,2018,student_staff_ratio,metric_missing_or_unreliable_after_coverage_filter,,
AD,2019,student_staff_ratio,metric_missing_or_unreliable_after_coverage_filter,,
AD,2020,student_staff_ratio,metric_missing_or_unreliable_after_coverage_filter,,
AD,2021,student_staff_ratio,metric_missing_or_unreliable_after_coverage_filter,,
AD,2022,student_staff_ratio,metric_missing_or_unreliable_after_coverage_filter,,
AD,2023,student_staff_ratio,metric_missing_or_unreliable_after_coverage_filter,,
AL,2013,student_staff_ratio,metric_missing_or_unreliable_after_coverage_filter,,
AL,2014,student_staff_ratio,metric_missing_or_unreliable_after_coverage_filter,,
AL,2015,student_staff_ratio,metric_missing_or_unreliable_after_coverage_filter,,
AL,2016,student_staff_ratio,metric_missing_or_unreliable_after_coverage_filter,,
AL,2017,student_staff_ratio,metric_missing_or_unreliable_after_coverage_filter,,
AL,2018,student_staff_ratio,metric_missing_or_unreliable_after_coverage_filter,,
AL,2019,student_staff_ratio,metric_missing_or_unreliable_after_coverage_filter,,
AL,2022,student_staff_ratio,metric_missing_or_unreliable_after_coverage_filter,,
AL,2023,student_staff_ratio,metric_missing_or_unreliable_after_coverage_filter,,
BG,2017,student_staff_ratio,metric_missing_or_unreliable_after_coverage_filter,,
BG,2018,student_staff_ratio,metric_missing_or_unreliable_after_coverage_filter,,
BG,2019,student_staff_ratio,metric_missing_or_unreliable_after_coverage_filter,,
BG,2020,student_staff_ratio,metric_missing_or_unreliable_after_coverage_filter,,
BG,2021,student_staff_ratio,metric_missing_or_unreliable_after_coverage_filter,,
BG,2022,student_staff_ratio,metric_missing_or_unreliable_after_coverage_filter,,
BG,2023,student_staff_ratio,metric_missing_or_unreliable_after_coverage_filter,,
DK,2014,student_staff_ratio,metric_missing_or_unreliable_after_coverage_filter,,
DK,2015,student_staff_ratio,metric_missing_or_unreliable_after_coverage_filter,,
DK,2016,student_staff_ratio,metric_missing_or_unreliable_after_coverage_filter,,
EE,2014,student_staff_ratio,metric_missing_or_unreliable_after_coverage_filter,,
EE,2015,student_staff_ratio,metric_missing_or_unreliable_after_coverage_filter,,
EE,2016,student_staff_ratio,metric_missing_or_unreliable_after_coverage_filter,,
FR,2015,student_staff_ratio,metric_missing_or_unreliable_after_coverage_filter,,
FR,2017,student_staff_ratio,metric_missing_or_unreliable_after_coverage_filter,,
FR,2018,student_staff_ratio,metric_missing_or_unreliable_after_coverage_filter,,
FR,2019,student_staff_ratio,metric_missing_or_unreliable_after_coverage_filter,,
FR,2020,student_staff_ratio,metric_missing_or_unreliable_after_coverage_filter,,
FR,2021,student_staff_ratio,metric_missing_or_unreliable_after_coverage_filter,,
FR,2022,student_staff_ratio,metric_missing_or_unreliable_after_coverage_filter,,
FR,2023,student_staff_ratio,metric_missing_or_unreliable_after_coverage_filter,,
GR,2014,student_staff_ratio,metric_missing_or_unreliable_after_coverage_filter,,
GR,2015,student_staff_ratio,metric_missing_or_unreliable_after_coverage_filter,,
GR,2017,student_staff_ratio,metric_missing_or_unreliable_after_coverage_filter,,
GR,2018,student_staff_ratio,metric_missing_or_unreliable_after_coverage_filter,,
GR,2019,student_staff_ratio,metric_missing_or_unreliable_after_coverage_filter,,
GR,2020,student_staff_ratio,metric_missing_or_unreliable_after_coverage_filter,,
GR,2021,student_staff_ratio,metric_missing_or_unreliable_after_coverage_filter,,
GR,2022,student_staff_ratio,metric_missing_or_unreliable_after_coverage_filter,,
GR,2023,student_staff_ratio,metric_missing_or_unreliable_after_coverage_filter,,
IE,2020,student_staff_ratio,metric_missing_or_unreliable_after_coverage_filter,,
IE,2021,student_staff_ratio,metric_missing_or_unreliable_after_coverage_filter,,
IE,2022,student_staff_ratio,metric_missing_or_unreliable_after_coverage_filter,,
IE,2023,student_staff_ratio,metric_missing_or_unreliable_after_coverage_filter,,
IS,2014,student_staff_ratio,metric_missing_or_unreliable_after_coverage_filter,,
IS,2015,student_staff_ratio,metric_missing_or_unreliable_after_coverage_filter,,
IS,2016,student_staff_ratio,metric_missing_or_unreliable_after_coverage_filter,,
IS,2017,student_staff_ratio,metric_missing_or_unreliable_after_coverage_filter,,
IS,2018,student_staff_ratio,metric_missing_or_unreliable_after_coverage_filter,,
IS,2019,student_staff_ratio,metric_missing_or_unreliable_after_coverage_filter,,
IT,2014,student_staff_ratio,metric_missing_or_unreliable_after_coverage_filter,,
IT,2015,student_staff_ratio,metric_missing_or_unreliable_after_coverage_filter,,
IT,2016,student_staff_ratio,metric_missing_or_unreliable_after_coverage_filter,,
IT,2017,student_staff_ratio,metric_missing_or_unreliable_after_coverage_filter,,
IT,2018,student_staff_ratio,metric_missing_or_unreliable_after_coverage_filter,,
IT,2019,student_staff_ratio,metric_missing_or_unreliable_after_coverage_filter,,
IT,2020,student_staff_ratio,metric_missing_or_unreliable_after_coverage_filter,,
IT,2021,student_staff_ratio,metric_missing_or_unreliable_after_coverage_filter,,
LV,2014,student_staff_ratio,metric_missing_or_unreliable_after_coverage_filter,,
LV,2015,student_staff_ratio,metric_missing_or_unreliable_after_coverage_filter,,
LV,2016,student_staff_ratio,metric_missing_or_unreliable_after_coverage_filter,,
LV,2017,student_staff_ratio,metric_missing_or_unreliable_after_coverage_filter,,
LV,2018,student_staff_ratio,metric_missing_or_unreliable_after_coverage_filter,,
LV,2019,student_staff_ratio,metric_missing_or_unreliable_after_coverage_filter,,
LV,2020,student_staff_ratio,metric_missing_or_unreliable_after_coverage_filter,,
LV,2022,student_staff_ratio,metric_missing_or_unreliable_after_coverage_filter,,
LV,2023,student_staff_ratio,metric_missing_or_unreliable_after_coverage_filter,,
ME,2014,student_staff_ratio,metric_missing_or_unreliable_after_coverage_filter,,
ME,2015,student_staff_ratio,metric_missing_or_unreliable_after_coverage_filter,,
ME,2016,student_staff_ratio,metric_missing_or_unreliable_after_coverage_filter,,
ME,2022,student_staff_ratio,metric_missing_or_unreliable_after_coverage_filter,,
MK,2014,student_staff_ratio,metric_missing_or_unreliable_after_coverage_filter,,
MK,2015,student_staff_ratio,metric_missing_or_unreliable_after_coverage_filter,,
MK,2016,student_staff_ratio,metric_missing_or_unreliable_after_coverage_filter,,
RO,2014,student_staff_ratio,metric_missing_or_unreliable_after_coverage_filter,,
RO,2021,student_staff_ratio,metric_missing_or_unreliable_after_coverage_filter,,
RO,2022,student_staff_ratio,metric_missing_or_unreliable_after_coverage_filter,,
SI,2014,student_staff_ratio,metric_missing_or_unreliable_after_coverage_filter,,
SI,2015,student_staff_ratio,metric_missing_or_unreliable_after_coverage_filter,,
SI,2017,student_staff_ratio,metric_missing_or_unreliable_after_coverage_filter,,
SI,2018,student_staff_ratio,metric_missing_or_unreliable_after_coverage_filter,,
SI,2019,student_staff_ratio,metric_missing_or_unreliable_after_coverage_filter,,
SI,2020,student_staff_ratio,metric_missing_or_unreliable_after_coverage_filter,,
SI,2021,student_staff_ratio,metric_missing_or_unreliable_after_coverage_filter,,
SI,2022,student_staff_ratio,metric_missing_or_unreliable_after_coverage_filter,,
TR,2014,student_staff_ratio,metric_missing_or_unreliable_after_coverage_filter,,
TR,2015,student_staff_ratio,metric_missing_or_unreliable_after_coverage_filter,,
TR,2016,student_staff_ratio,metric_missing_or_unreliable_after_coverage_filter,,
TR,2017,student_staff_ratio,metric_missing_or_unreliable_after_coverage_filter,,
TR,2018,student_staff_ratio,metric_missing_or_unreliable_after_coverage_filter,,
TR,2019,student_staff_ratio,metric_missing_or_unreliable_after_coverage_filter,,
TR,2020,student_staff_ratio,metric_missing_or_unreliable_after_coverage_filter,,
TR,2021,student_staff_ratio,metric_missing_or_unreliable_after_coverage_filter,,
TR,2022,student_staff_ratio,metric_missing_or_unreliable_after_coverage_filter,,
TR,2023,student_staff_ratio,metric_missing_or_unreliable_after_coverage_filter,,
VA,2017,student_staff_ratio,metric_missing_or_unreliable_after_coverage_filter,,
VA,2018,student_staff_ratio,metric_missing_or_unreliable_after_coverage_filter,,
VA,2019,student_staff_ratio,metric_missing_or_unreliable_after_coverage_filter,,
VA,2020,student_staff_ratio,metric_missing_or_unreliable_after_coverage_filter,,
VA,2021,student_staff_ratio,metric_missing_or_unreliable_after_coverage_filter,,
XK,2017,student_staff_ratio,metric_missing_or_unreliable_after_coverage_filter,,
XK,2018,student_staff_ratio,metric_missing_or_unreliable_after_coverage_filter,,
XK,2019,student_staff_ratio,metric_missing_or_unreliable_after_coverage_filter,,
XK,2020,student_staff_ratio,metric_missing_or_unreliable_after_coverage_filter,,
XK,2021,student_staff_ratio,metric_missing_or_unreliable_after_coverage_filter,,
XK,2022,student_staff_ratio,metric_missing_or_unreliable_after_coverage_filter,,
XK,2023,student_staff_ratio,metric_missing_or_unreliable_after_coverage_filter,,
AD,2017,revenue_per_student_ppp,metric_missing_or_unreliable_after_coverage_filter,,
AL,2013,revenue_per_student_ppp,metric_missing_or_unreliable_after_coverage_filter,,
AL,2014,revenue_per_student_ppp,metric_missing_or_unreliable_after_coverage_filter,,
AL,2015,revenue_per_student_ppp,metric_missing_or_unreliable_after_coverage_filter,,
AL,2016,revenue_per_student_ppp,metric_missing_or_unreliable_after_coverage_filter,,
AL,2017,revenue_per_student_ppp,metric_missing_or_unreliable_after_coverage_filter,,
AL,2018,revenue_per_student_ppp,metric_missing_or_unreliable_after_coverage_filter,,
AL,2019,revenue_per_student_ppp,metric_missing_or_unreliable_after_coverage_filter,,
AL,2022,revenue_per_student_ppp,metric_missing_or_unreliable_after_coverage_filter,,
AL,2023,revenue_per_student_ppp,metric_missing_or_unreliable_after_coverage_filter,,
BG,2014,revenue_per_student_ppp,metric_missing_or_unreliable_after_coverage_filter,,
BG,2015,revenue_per_student_ppp,metric_missing_or_unreliable_after_coverage_filter,,
BG,2016,revenue_per_student_ppp,metric_missing_or_unreliable_after_coverage_filter,,
BG,2017,revenue_per_student_ppp,metric_missing_or_unreliable_after_coverage_filter,,
BG,2018,revenue_per_student_ppp,metric_missing_or_unreliable_after_coverage_filter,,
BG,2019,revenue_per_student_ppp,metric_missing_or_unreliable_after_coverage_filter,,
BG,2020,revenue_per_student_ppp,metric_missing_or_unreliable_after_coverage_filter,,
BG,2021,revenue_per_student_ppp,metric_missing_or_unreliable_after_coverage_filter,,
BG,2022,revenue_per_student_ppp,metric_missing_or_unreliable_after_coverage_filter,,
BG,2023,revenue_per_student_ppp,metric_missing_or_unreliable_after_coverage_filter,,
CZ,2019,revenue_per_student_ppp,metric_missing_or_unreliable_after_coverage_filter,,
CZ,2020,revenue_per_student_ppp,metric_missing_or_unreliable_after_coverage_filter,,
CZ,2021,revenue_per_student_ppp,metric_missing_or_unreliable_after_coverage_filter,,
CZ,2022,revenue_per_student_ppp,metric_missing_or_unreliable_after_coverage_filter,,
CZ,2023,revenue_per_student_ppp,metric_missing_or_unreliable_after_coverage_filter,,
DK,2014,revenue_per_student_ppp,metric_missing_or_unreliable_after_coverage_filter,,
DK,2015,revenue_per_student_ppp,metric_missing_or_unreliable_after_coverage_filter,,
DK,2016,revenue_per_student_ppp,metric_missing_or_unreliable_after_coverage_filter,,
EE,2014,revenue_per_student_ppp,metric_missing_or_unreliable_after_coverage_filter,,
ES,2014,revenue_per_student_ppp,metric_missing_or_unreliable_after_coverage_filter,,
ES,2015,revenue_per_student_ppp,metric_missing_or_unreliable_after_coverage_filter,,
ES,2016,revenue_per_student_ppp,metric_missing_or_unreliable_after_coverage_filter,,
ES,2017,revenue_per_student_ppp,metric_missing_or_unreliable_after_coverage_filter,,
ES,2018,revenue_per_student_ppp,metric_missing_or_unreliable_after_coverage_filter,,
ES,2019,revenue_per_student_ppp,metric_missing_or_unreliable_after_coverage_filter,,
ES,2020,revenue_per_student_ppp,metric_missing_or_unreliable_after_coverage_filter,,
ES,2021,revenue_per_student_ppp,metric_missing_or_unreliable_after_coverage_filter,,
ES,2022,revenue_per_student_ppp,metric_missing_or_unreliable_after_coverage_filter,,
ES,2023,revenue_per_student_ppp,metric_missing_or_unreliable_after_coverage_filter,,
FR,2015,revenue_per_student_ppp,metric_missing_or_unreliable_after_coverage_filter,,
FR,2018,revenue_per_student_ppp,metric_missing_or_unreliable_after_coverage_filter,,
GR,2014,revenue_per_student_ppp,metric_missing_or_unreliable_after_coverage_filter,,
GR,2015,revenue_per_student_ppp,metric_missing_or_unreliable_after_coverage_filter,,
GR,2016,revenue_per_student_ppp,metric_missing_or_unreliable_after_coverage_filter,,
GR,2017,revenue_per_student_ppp,metric_missing_or_unreliable_after_coverage_filter,,
GR,2021,revenue_per_student_ppp,metric_missing_or_unreliable_after_coverage_filter,,
GR,2022,revenue_per_student_ppp,metric_missing_or_unreliable_after_coverage_filter,,
GR,2023,revenue_per_student_ppp,metric_missing_or_unreliable_after_coverage_filter,,
HR,2014,revenue_per_student_ppp,metric_missing_or_unreliable_after_coverage_filter,,
HR,2015,revenue_per_student_ppp,metric_missing_or_unreliable_after_coverage_filter,,
HR,2016,revenue_per_student_ppp,metric_missing_or_unreliable_after_coverage_filter,,
HR,2017,revenue_per_student_ppp,metric_missing_or_unreliable_after_coverage_filter,,
HR,2018,revenue_per_student_ppp,metric_missing_or_unreliable_after_coverage_filter,,
HR,2019,revenue_per_student_ppp,metric_missing_or_unreliable_after_coverage_filter,,
HR,2020,revenue_per_student_ppp,metric_missing_or_unreliable_after_coverage_filter,,
HR,2021,revenue_per_student_ppp,metric_missing_or_unreliable_after_coverage_filter,,
HR,2022,revenue_per_student_ppp,metric_missing_or_unreliable_after_coverage_filter,,
HR,2023,revenue_per_student_ppp,metric_missing_or_unreliable_after_coverage_filter,,
HU,2016,revenue_per_student_ppp,metric_missing_or_unreliable_after_coverage_filter,,
HU,2017,revenue_per_student_ppp,metric_missing_or_unreliable_after_coverage_filter,,
HU,2018,revenue_per_student_ppp,metric_missing_or_unreliable_after_coverage_filter,,
HU,2019,revenue_per_student_ppp,metric_missing_or_unreliable_after_coverage_filter,,
HU,2020,revenue_per_student_ppp,metric_missing_or_unreliable_after_coverage_filter,,
HU,2021,revenue_per_student_ppp,metric_missing_or_unreliable_after_coverage_filter,,
HU,2022,revenue_per_student_ppp,metric_missing_or_unreliable_after_coverage_filter,,
HU,2023,revenue_per_student_ppp,metric_missing_or_unreliable_after_coverage_filter,,
IE,2022,revenue_per_student_ppp,metric_missing_or_unreliable_after_coverage_filter,,
IS,2014,revenue_per_student_ppp,metric_missing_or_unreliable_after_coverage_filter,,
IS,2015,revenue_per_student_ppp,metric_missing_or_unreliable_after_coverage_filter,,
IS,2016,revenue_per_student_ppp,metric_missing_or_unreliable_after_coverage_filter,,
IT,2016,revenue_per_student_ppp,metric_missing_or_unreliable_after_coverage_filter,,
IT,2017,revenue_per_student_ppp,metric_missing_or_unreliable_after_coverage_filter,,
IT,2018,revenue_per_student_ppp,metric_missing_or_unreliable_after_coverage_filter,,
IT,2019,revenue_per_student_ppp,metric_missing_or_unreliable_after_coverage_filter,,
IT,2020,revenue_per_student_ppp,metric_missing_or_unreliable_after_coverage_filter,,
IT,2021,revenue_per_student_ppp,metric_missing_or_unreliable_after_coverage_filter,,
IT,2022,revenue_per_student_ppp,metric_missing_or_unreliable_after_coverage_filter,,
IT,2023,revenue_per_student_ppp,metric_missing_or_unreliable_after_coverage_filter,,
ME,2014,revenue_per_student_ppp,metric_missing_or_unreliable_after_coverage_filter,,
ME,2015,revenue_per_student_ppp,metric_missing_or_unreliable_after_coverage_filter,,
ME,2016,revenue_per_student_ppp,metric_missing_or_unreliable_after_coverage_filter,,
MK,2014,revenue_per_student_ppp,metric_missing_or_unreliable_after_coverage_filter,,
MK,2015,revenue_per_student_ppp,metric_missing_or_unreliable_after_coverage_filter,,
MK,2016,revenue_per_student_ppp,metric_missing_or_unreliable_after_coverage_filter,,
MK,2017,revenue_per_student_ppp,metric_missing_or_unreliable_after_coverage_filter,,
MK,2018,revenue_per_student_ppp,metric_missing_or_unreliable_after_coverage_filter,,
MK,2019,revenue_per_student_ppp,metric_missing_or_unreliable_after_coverage_filter,,
RO,2022,revenue_per_student_ppp,metric_missing_or_unreliable_after_coverage_filter,,
RO,2023,revenue_per_student_ppp,metric_missing_or_unreliable_after_coverage_filter,,
RS,2014,revenue_per_student_ppp,metric_missing_or_unreliable_after_coverage_filter,,
RS,2015,revenue_per_student_ppp,metric_missing_or_unreliable_after_coverage_filter,,
RS,2016,revenue_per_student_ppp,metric_missing_or_unreliable_after_coverage_filter,,
RS,2017,revenue_per_student_ppp,metric_missing_or_unreliable_after_coverage_filter,,
RS,2018,revenue_per_student_ppp,metric_missing_or_unreliable_after_coverage_filter,,
RS,2019,revenue_per_student_ppp,metric_missing_or_unreliable_after_coverage_filter,,
RS,2020,revenue_per_student_ppp,metric_missing_or_unreliable_after_coverage_filter,,
RS,2021,revenue_per_student_ppp,metric_missing_or_unreliable_after_coverage_filter,,
RS,2022,revenue_per_student_ppp,metric_missing_or_unreliable_after_coverage_filter,,
RS,2023,revenue_per_student_ppp,metric_missing_or_unreliable_after_coverage_filter,,
SI,2014,revenue_per_student_ppp,metric_missing_or_unreliable_after_coverage_filter,,
SI,2015,revenue_per_student_ppp,metric_missing_or_unreliable_after_coverage_filter,,
SI,2016,revenue_per_student_ppp,metric_missing_or_unreliable_after_coverage_filter,,
SI,2017,revenue_per_student_ppp,metric_missing_or_unreliable_after_coverage_filter,,
SI,2018,revenue_per_student_ppp,metric_missing_or_unreliable_after_coverage_filter,,
SI,2019,revenue_per_student_ppp,metric_missing_or_unreliable_after_coverage_filter,,
SI,2020,revenue_per_student_ppp,metric_missing_or_unreliable_after_coverage_filter,,
SI,2021,revenue_per_student_ppp,metric_missing_or_unreliable_after_coverage_filter,,
SI,2022,revenue_per_student_ppp,metric_missing_or_unreliable_after_coverage_filter,,
TR,2014,revenue_per_student_ppp,metric_missing_or_unreliable_after_coverage_filter,,
TR,2015,revenue_per_student_ppp,metric_missing_or_unreliable_after_coverage_filter,,
TR,2016,revenue_per_student_ppp,metric_missing_or_unreliable_after_coverage_filter,,
TR,2017,revenue_per_student_ppp,metric_missing_or_unreliable_after_coverage_filter,,
TR,2018,revenue_per_student_ppp,metric_missing_or_unreliable_after_coverage_filter,,
TR,2019,revenue_per_student_ppp,metric_missing_or_unreliable_after_coverage_filter,,
TR,2020,revenue_per_student_ppp,metric_missing_or_unreliable_after_coverage_filter,,
TR,2021,revenue_per_student_ppp,metric_missing_or_unreliable_after_coverage_filter,,
TR,2022,revenue_per_student_ppp,metric_missing_or_unreliable_after_coverage_filter,,
TR,2023,revenue_per_student_ppp,metric_missing_or_unreliable_after_coverage_filter,,
VA,2017,revenue_per_student_ppp,metric_missing_or_unreliable_after_coverage_filter,,
VA,2018,revenue_per_student_ppp,metric_missing_or_unreliable_after_coverage_filter,,
VA,2019,revenue_per_student_ppp,metric_missing_or_unreliable_after_coverage_filter,,
VA,2020,revenue_per_student_ppp,metric_missing_or_unreliable_after_coverage_filter,,
VA,2021,revenue_per_student_ppp,metric_missing_or_unreliable_after_coverage_filter,,
XK,2017,revenue_per_student_ppp,metric_missing_or_unreliable_after_coverage_filter,,
XK,2018,revenue_per_student_ppp,metric_missing_or_unreliable_after_coverage_filter,,
XK,2019,revenue_per_student_ppp,metric_missing_or_unreliable_after_coverage_filter,,
XK,2020,revenue_per_student_ppp,metric_missing_or_unreliable_after_coverage_filter,,
XK,2021,revenue_per_student_ppp,metric_missing_or_unreliable_after_coverage_filter,,
XK,2022,revenue_per_student_ppp,metric_missing_or_unreliable_after_coverage_filter,,
XK,2023,revenue_per_student_ppp,metric_missing_or_unreliable_after_coverage_filter,,
AD,2017,expenditure_per_student_ppp,metric_missing_or_unreliable_after_coverage_filter,,
AL,2013,expenditure_per_student_ppp,metric_missing_or_unreliable_after_coverage_filter,,
AL,2014,expenditure_per_student_ppp,metric_missing_or_unreliable_after_coverage_filter,,
AL,2015,expenditure_per_student_ppp,metric_missing_or_unreliable_after_coverage_filter,,
AL,2016,expenditure_per_student_ppp,metric_missing_or_unreliable_after_coverage_filter,,
AL,2017,expenditure_per_student_ppp,metric_missing_or_unreliable_after_coverage_filter,,
AL,2018,expenditure_per_student_ppp,metric_missing_or_unreliable_after_coverage_filter,,
AL,2019,expenditure_per_student_ppp,metric_missing_or_unreliable_after_coverage_filter,,
AL,2022,expenditure_per_student_ppp,metric_missing_or_unreliable_after_coverage_filter,,
AL,2023,expenditure_per_student_ppp,metric_missing_or_unreliable_after_coverage_filter,,
BG,2014,expenditure_per_student_ppp,metric_missing_or_unreliable_after_coverage_filter,,
BG,2015,expenditure_per_student_ppp,metric_missing_or_unreliable_after_coverage_filter,,
BG,2016,expenditure_per_student_ppp,metric_missing_or_unreliable_after_coverage_filter,,
BG,2017,expenditure_per_student_ppp,metric_missing_or_unreliable_after_coverage_filter,,
BG,2018,expenditure_per_student_ppp,metric_missing_or_unreliable_after_coverage_filter,,
BG,2019,expenditure_per_student_ppp,metric_missing_or_unreliable_after_coverage_filter,,
BG,2020,expenditure_per_student_ppp,metric_missing_or_unreliable_after_coverage_filter,,
BG,2021,expenditure_per_student_ppp,metric_missing_or_unreliable_after_coverage_filter,,
BG,2022,expenditure_per_student_ppp,metric_missing_or_unreliable_after_coverage_filter,,
BG,2023,expenditure_per_student_ppp,metric_missing_or_unreliable_after_coverage_filter,,
DK,2014,expenditure_per_student_ppp,metric_missing_or_unreliable_after_coverage_filter,,
DK,2015,expenditure_per_student_ppp,metric_missing_or_unreliable_after_coverage_filter,,
DK,2016,expenditure_per_student_ppp,metric_missing_or_unreliable_after_coverage_filter,,
EE,2014,expenditure_per_student_ppp,metric_missing_or_unreliable_after_coverage_filter,,
ES,2014,expenditure_per_student_ppp,metric_missing_or_unreliable_after_coverage_filter,,
ES,2015,expenditure_per_student_ppp,metric_missing_or_unreliable_after_coverage_filter,,
ES,2016,expenditure_per_student_ppp,metric_missing_or_unreliable_after_coverage_filter,,
ES,2017,expenditure_per_student_ppp,metric_missing_or_unreliable_after_coverage_filter,,
ES,2018,expenditure_per_student_ppp,metric_missing_or_unreliable_after_coverage_filter,,
ES,2019,expenditure_per_student_ppp,metric_missing_or_unreliable_after_coverage_filter,,
ES,2020,expenditure_per_student_ppp,metric_missing_or_unreliable_after_coverage_filter,,
ES,2021,expenditure_per_student_ppp,metric_missing_or_unreliable_after_coverage_filter,,
ES,2022,expenditure_per_student_ppp,metric_missing_or_unreliable_after_coverage_filter,,
ES,2023,expenditure_per_student_ppp,metric_missing_or_unreliable_after_coverage_filter,,
FR,2015,expenditure_per_student_ppp,metric_missing_or_unreliable_after_coverage_filter,,
FR,2018,expenditure_per_student_ppp,metric_missing_or_unreliable_after_coverage_filter,,
GR,2014,expenditure_per_student_ppp,metric_missing_or_unreliable_after_coverage_filter,,
GR,2015,expenditure_per_student_ppp,metric_missing_or_unreliable_after_coverage_filter,,
GR,2016,expenditure_per_student_ppp,metric_missing_or_unreliable_after_coverage_filter,,
GR,2017,expenditure_per_student_ppp,metric_missing_or_unreliable_after_coverage_filter,,
GR,2021,expenditure_per_student_ppp,metric_missing_or_unreliable_after_coverage_filter,,
GR,2022,expenditure_per_student_ppp,metric_missing_or_unreliable_after_coverage_filter,,
GR,2023,expenditure_per_student_ppp,metric_missing_or_unreliable_after_coverage_filter,,
HR,2014,expenditure_per_student_ppp,metric_missing_or_unreliable_after_coverage_filter,,
HR,2015,expenditure_per_student_ppp,metric_missing_or_unreliable_after_coverage_filter,,
HR,2016,expenditure_per_student_ppp,metric_missing_or_unreliable_after_coverage_filter,,
HR,2017,expenditure_per_student_ppp,metric_missing_or_unreliable_after_coverage_filter,,
HR,2018,expenditure_per_student_ppp,metric_missing_or_unreliable_after_coverage_filter,,
HR,2019,expenditure_per_student_ppp,metric_missing_or_unreliable_after_coverage_filter,,
HR,2020,expenditure_per_student_ppp,metric_missing_or_unreliable_after_coverage_filter,,
HR,2021,expenditure_per_student_ppp,metric_missing_or_unreliable_after_coverage_filter,,
HR,2022,expenditure_per_student_ppp,metric_missing_or_unreliable_after_coverage_filter,,
HR,2023,expenditure_per_student_ppp,metric_missing_or_unreliable_after_coverage_filter,,
HU,2016,expenditure_per_student_ppp,metric_missing_or_unreliable_after_coverage_filter,,
HU,2017,expenditure_per_student_ppp,metric_missing_or_unreliable_after_coverage_filter,,
HU,2018,expenditure_per_student_ppp,metric_missing_or_unreliable_after_coverage_filter,,
HU,2019,expenditure_per_student_ppp,metric_missing_or_unreliable_after_coverage_filter,,
HU,2020,expenditure_per_student_ppp,metric_missing_or_unreliable_after_coverage_filter,,
HU,2021,expenditure_per_student_ppp,metric_missing_or_unreliable_after_coverage_filter,,
HU,2022,expenditure_per_student_ppp,metric_missing_or_unreliable_after_coverage_filter,,
HU,2023,expenditure_per_student_ppp,metric_missing_or_unreliable_after_coverage_filter,,
IE,2022,expenditure_per_student_ppp,metric_missing_or_unreliable_after_coverage_filter,,
IS,2014,expenditure_per_student_ppp,metric_missing_or_unreliable_after_coverage_filter,,
IS,2015,expenditure_per_student_ppp,metric_missing_or_unreliable_after_coverage_filter,,
IS,2016,expenditure_per_student_ppp,metric_missing_or_unreliable_after_coverage_filter,,
IT,2016,expenditure_per_student_ppp,metric_missing_or_unreliable_after_coverage_filter,,
IT,2017,expenditure_per_student_ppp,metric_missing_or_unreliable_after_coverage_filter,,
IT,2018,expenditure_per_student_ppp,metric_missing_or_unreliable_after_coverage_filter,,
IT,2019,expenditure_per_student_ppp,metric_missing_or_unreliable_after_coverage_filter,,
IT,2020,expenditure_per_student_ppp,metric_missing_or_unreliable_after_coverage_filter,,
IT,2021,expenditure_per_student_ppp,metric_missing_or_unreliable_after_coverage_filter,,
IT,2022,expenditure_per_student_ppp,metric_missing_or_unreliable_after_coverage_filter,,
IT,2023,expenditure_per_student_ppp,metric_missing_or_unreliable_after_coverage_filter,,
ME,2014,expenditure_per_student_ppp,metric_missing_or_unreliable_after_coverage_filter,,
ME,2015,expenditure_per_student_ppp,metric_missing_or_unreliable_after_coverage_filter,,
ME,2016,expenditure_per_student_ppp,metric_missing_or_unreliable_after_coverage_filter,,
MK,2014,expenditure_per_student_ppp,metric_missing_or_unreliable_after_coverage_filter,,
MK,2015,expenditure_per_student_ppp,metric_missing_or_unreliable_after_coverage_filter,,
MK,2016,expenditure_per_student_ppp,metric_missing_or_unreliable_after_coverage_filter,,
MK,2017,expenditure_per_student_ppp,metric_missing_or_unreliable_after_coverage_filter,,
MK,2018,expenditure_per_student_ppp,metric_missing_or_unreliable_after_coverage_filter,,
MK,2019,expenditure_per_student_ppp,metric_missing_or_unreliable_after_coverage_filter,,
PL,2016,expenditure_per_student_ppp,metric_missing_or_unreliable_after_coverage_filter,,
RO,2014,expenditure_per_student_ppp,metric_missing_or_unreliable_after_coverage_filter,,
RO,2021,expenditure_per_student_ppp,metric_missing_or_unreliable_after_coverage_filter,,
RO,2022,expenditure_per_student_ppp,metric_missing_or_unreliable_after_coverage_filter,,
RO,2023,expenditure_per_student_ppp,metric_missing_or_unreliable_after_coverage_filter,,
RS,2014,expenditure_per_student_ppp,metric_missing_or_unreliable_after_coverage_filter,,
RS,2015,expenditure_per_student_ppp,metric_missing_or_unreliable_after_coverage_filter,,
RS,2016,expenditure_per_student_ppp,metric_missing_or_unreliable_after_coverage_filter,,
RS,2017,expenditure_per_student_ppp,metric_missing_or_unreliable_after_coverage_filter,,
RS,2018,expenditure_per_student_ppp,metric_missing_or_unreliable_after_coverage_filter,,
RS,2019,expenditure_per_student_ppp,metric_missing_or_unreliable_after_coverage_filter,,
RS,2020,expenditure_per_student_ppp,metric_missing_or_unreliable_after_coverage_filter,,
RS,2021,expenditure_per_student_ppp,metric_missing_or_unreliable_after_coverage_filter,,
RS,2022,expenditure_per_student_ppp,metric_missing_or_unreliable_after_coverage_filter,,
RS,2023,expenditure_per_student_ppp,metric_missing_or_unreliable_after_coverage_filter,,
SI,2014,expenditure_per_student_ppp,metric_missing_or_unreliable_after_coverage_filter,,
SI,2015,expenditure_per_student_ppp,metric_missing_or_unreliable_after_coverage_filter,,
SI,2016,expenditure_per_student_ppp,metric_missing_or_unreliable_after_coverage_filter,,
SI,2017,expenditure_per_student_ppp,metric_missing_or_unreliable_after_coverage_filter,,
SI,2018,expenditure_per_student_ppp,metric_missing_or_unreliable_after_coverage_filter,,
SI,2019,expenditure_per_student_ppp,metric_missing_or_unreliable_after_coverage_filter,,
SI,2020,expenditure_per_student_ppp,metric_missing_or_unreliable_after_coverage_filter,,
SI,2021,expenditure_per_student_ppp,metric_missing_or_unreliable_after_coverage_filter,,
SI,2022,expenditure_per_student_ppp,metric_missing_or_unreliable_after_coverage_filter,,
TR,2015,expenditure_per_student_ppp,metric_missing_or_unreliable_after_coverage_filter,,
TR,2016,expenditure_per_student_ppp,metric_missing_or_unreliable_after_coverage_filter,,
TR,2017,expenditure_per_student_ppp,metric_missing_or_unreliable_after_coverage_filter,,
TR,2018,expenditure_per_student_ppp,metric_missing_or_unreliable_after_coverage_filter,,
TR,2019,expenditure_per_student_ppp,metric_missing_or_unreliable_after_coverage_filter,,
TR,2020,expenditure_per_student_ppp,metric_missing_or_unreliable_after_coverage_filter,,
TR,2021,expenditure_per_student_ppp,metric_missing_or_unreliable_after_coverage_filter,,
TR,2022,expenditure_per_student_ppp,metric_missing_or_unreliable_after_coverage_filter,,
TR,2023,expenditure_per_student_ppp,metric_missing_or_unreliable_after_coverage_filter,,
VA,2017,expenditure_per_student_ppp,metric_missing_or_unreliable_after_coverage_filter,,
VA,2018,expenditure_per_student_ppp,metric_missing_or_unreliable_after_coverage_filter,,
VA,2019,expenditure_per_student_ppp,metric_missing_or_unreliable_after_coverage_filter,,
VA,2020,expenditure_per_student_ppp,metric_missing_or_unreliable_after_coverage_filter,,
VA,2021,expenditure_per_student_ppp,metric_missing_or_unreliable_after_coverage_filter,,
XK,2017,expenditure_per_student_ppp,metric_missing_or_unreliable_after_coverage_filter,,
XK,2018,expenditure_per_student_ppp,metric_missing_or_unreliable_after_coverage_filter,,
XK,2019,expenditure_per_student_ppp,metric_missing_or_unreliable_after_coverage_filter,,
XK,2020,expenditure_per_student_ppp,metric_missing_or_unreliable_after_coverage_filter,,
XK,2021,expenditure_per_student_ppp,metric_missing_or_unreliable_after_coverage_filter,,
XK,2022,expenditure_per_student_ppp,metric_missing_or_unreliable_after_coverage_filter,,
XK,2023,expenditure_per_student_ppp,metric_missing_or_unreliable_after_coverage_filter,,
AD,2017,rd_expenditure_per_student_ppp,metric_missing_or_unreliable_after_coverage_filter,,
AD,2018,rd_expenditure_per_student_ppp,metric_missing_or_unreliable_after_coverage_filter,,
AD,2019,rd_expenditure_per_student_ppp,metric_missing_or_unreliable_after_coverage_filter,,
AD,2020,rd_expenditure_per_student_ppp,metric_missing_or_unreliable_after_coverage_filter,,
AD,2021,rd_expenditure_per_student_ppp,metric_missing_or_unreliable_after_coverage_filter,,
AD,2022,rd_expenditure_per_student_ppp,metric_missing_or_unreliable_after_coverage_filter,,
AD,2023,rd_expenditure_per_student_ppp,metric_missing_or_unreliable_after_coverage_filter,,
AL,2013,rd_expenditure_per_student_ppp,metric_missing_or_unreliable_after_coverage_filter,,
AL,2014,rd_expenditure_per_student_ppp,metric_missing_or_unreliable_after_coverage_filter,,
AL,2022,rd_expenditure_per_student_ppp,metric_missing_or_unreliable_after_coverage_filter,,
AL,2023,rd_expenditure_per_student_ppp,metric_missing_or_unreliable_after_coverage_filter,,
AT,2014,rd_expenditure_per_student_ppp,metric_missing_or_unreliable_after_coverage_filter,,
AT,2016,rd_expenditure_per_student_ppp,metric_missing_or_unreliable_after_coverage_filter,,
AT,2018,rd_expenditure_per_student_ppp,metric_missing_or_unreliable_after_coverage_filter,,
AT,2020,rd_expenditure_per_student_ppp,metric_missing_or_unreliable_after_coverage_filter,,
AT,2022,rd_expenditure_per_student_ppp,metric_missing_or_unreliable_after_coverage_filter,,
BE,2014,rd_expenditure_per_student_ppp,metric_missing_or_unreliable_after_coverage_filter,,
BE,2015,rd_expenditure_per_student_ppp,metric_missing_or_unreliable_after_coverage_filter,,
BE,2016,rd_expenditure_per_student_ppp,metric_missing_or_unreliable_after_coverage_filter,,
BG,2022,rd_expenditure_per_student_ppp,metric_missing_or_unreliable_after_coverage_filter,,
CZ,2023,rd_expenditure_per_student_ppp,metric_missing_or_unreliable_after_coverage_filter,,
DE,2014,rd_expenditure_per_student_ppp,metric_missing_or_unreliable_after_coverage_filter,,
DE,2015,rd_expenditure_per_student_ppp,metric_missing_or_unreliable_after_coverage_filter,,
DE,2016,rd_expenditure_per_student_ppp,metric_missing_or_unreliable_after_coverage_filter,,
DE,2017,rd_expenditure_per_student_ppp,metric_missing_or_unreliable_after_coverage_filter,,
DE,2018,rd_expenditure_per_student_ppp,metric_missing_or_unreliable_after_coverage_filter,,
DE,2019,rd_expenditure_per_student_ppp,metric_missing_or_unreliable_after_coverage_filter,,
DE,2020,rd_expenditure_per_student_ppp,metric_missing_or_unreliable_after_coverage_filter,,
DE,2021,rd_expenditure_per_student_ppp,metric_missing_or_unreliable_after_coverage_filter,,
DE,2022,rd_expenditure_per_student_ppp,metric_missing_or_unreliable_after_coverage_filter,,
DE,2023,rd_expenditure_per_student_ppp,metric_missing_or_unreliable_after_coverage_filter,,
DK,2014,rd_expenditure_per_student_ppp,metric_missing_or_unreliable_after_coverage_filter,,
ES,2014,rd_expenditure_per_student_ppp,metric_missing_or_unreliable_after_coverage_filter,,
ES,2015,rd_expenditure_per_student_ppp,metric_missing_or_unreliable_after_coverage_filter,,
ES,2016,rd_expenditure_per_student_ppp,metric_missing_or_unreliable_after_coverage_filter,,
ES,2017,rd_expenditure_per_student_ppp,metric_missing_or_unreliable_after_coverage_filter,,
ES,2018,rd_expenditure_per_student_ppp,metric_missing_or_unreliable_after_coverage_filter,,
ES,2019,rd_expenditure_per_student_ppp,metric_missing_or_unreliable_after_coverage_filter,,
ES,2020,rd_expenditure_per_student_ppp,metric_missing_or_unreliable_after_coverage_filter,,
ES,2021,rd_expenditure_per_student_ppp,metric_missing_or_unreliable_after_coverage_filter,,
ES,2022,rd_expenditure_per_student_ppp,metric_missing_or_unreliable_after_coverage_filter,,
ES,2023,rd_expenditure_per_student_ppp,metric_missing_or_unreliable_after_coverage_filter,,
FR,2015,rd_expenditure_per_student_ppp,metric_missing_or_unreliable_after_coverage_filter,,
FR,2018,rd_expenditure_per_student_ppp,metric_missing_or_unreliable_after_coverage_filter,,
GR,2023,rd_expenditure_per_student_ppp,metric_missing_or_unreliable_after_coverage_filter,,
HR,2023,rd_expenditure_per_student_ppp,metric_missing_or_unreliable_after_coverage_filter,,
HU,2014,rd_expenditure_per_student_ppp,metric_missing_or_unreliable_after_coverage_filter,,
HU,2015,rd_expenditure_per_student_ppp,metric_missing_or_unreliable_after_coverage_filter,,
HU,2016,rd_expenditure_per_student_ppp,metric_missing_or_unreliable_after_coverage_filter,,
HU,2017,rd_expenditure_per_student_ppp,metric_missing_or_unreliable_after_coverage_filter,,
HU,2018,rd_expenditure_per_student_ppp,metric_missing_or_unreliable_after_coverage_filter,,
HU,2019,rd_expenditure_per_student_ppp,metric_missing_or_unreliable_after_coverage_filter,,
HU,2020,rd_expenditure_per_student_ppp,metric_missing_or_unreliable_after_coverage_filter,,
HU,2021,rd_expenditure_per_student_ppp,metric_missing_or_unreliable_after_coverage_filter,,
HU,2022,rd_expenditure_per_student_ppp,metric_missing_or_unreliable_after_coverage_filter,,
HU,2023,rd_expenditure_per_student_ppp,metric_missing_or_unreliable_after_coverage_filter,,
IE,2014,rd_expenditure_per_student_ppp,metric_missing_or_unreliable_after_coverage_filter,,
IE,2015,rd_expenditure_per_student_ppp,metric_missing_or_unreliable_after_coverage_filter,,
IE,2016,rd_expenditure_per_student_ppp,metric_missing_or_unreliable_after_coverage_filter,,
IE,2017,rd_expenditure_per_student_ppp,metric_missing_or_unreliable_after_coverage_filter,,
IE,2018,rd_expenditure_per_student_ppp,metric_missing_or_unreliable_after_coverage_filter,,
IE,2023,rd_expenditure_per_student_ppp,metric_missing_or_unreliable_after_coverage_filter,,
IS,2014,rd_expenditure_per_student_ppp,metric_missing_or_unreliable_after_coverage_filter,,
IS,2015,rd_expenditure_per_student_ppp,metric_missing_or_unreliable_after_coverage_filter,,
IS,2016,rd_expenditure_per_student_ppp,metric_missing_or_unreliable_after_coverage_filter,,
IS,2017,rd_expenditure_per_student_ppp,metric_missing_or_unreliable_after_coverage_filter,,
IS,2018,rd_expenditure_per_student_ppp,metric_missing_or_unreliable_after_coverage_filter,,
IS,2019,rd_expenditure_per_student_ppp,metric_missing_or_unreliable_after_coverage_filter,,
IS,2020,rd_expenditure_per_student_ppp,metric_missing_or_unreliable_after_coverage_filter,,
IS,2022,rd_expenditure_per_student_ppp,metric_missing_or_unreliable_after_coverage_filter,,
IS,2023,rd_expenditure_per_student_ppp,metric_missing_or_unreliable_after_coverage_filter,,
LI,2014,rd_expenditure_per_student_ppp,metric_missing_or_unreliable_after_coverage_filter,,
LI,2015,rd_expenditure_per_student_ppp,metric_missing_or_unreliable_after_coverage_filter,,
LI,2016,rd_expenditure_per_student_ppp,metric_missing_or_unreliable_after_coverage_filter,,
LI,2017,rd_expenditure_per_student_ppp,metric_missing_or_unreliable_after_coverage_filter,,
LI,2018,rd_expenditure_per_student_ppp,metric_missing_or_unreliable_after_coverage_filter,,
LI,2019,rd_expenditure_per_student_ppp,metric_missing_or_unreliable_after_coverage_filter,,
LI,2020,rd_expenditure_per_student_ppp,metric_missing_or_unreliable_after_coverage_filter,,
LI,2021,rd_expenditure_per_student_ppp,metric_missing_or_unreliable_after_coverage_filter,,
LI,2022,rd_expenditure_per_student_ppp,metric_missing_or_unreliable_after_coverage_filter,,
LI,2023,rd_expenditure_per_student_ppp,metric_missing_or_unreliable_after_coverage_filter,,
ME,2014,rd_expenditure_per_student_ppp,metric_missing_or_unreliable_after_coverage_filter,,
ME,2015,rd_expenditure_per_student_ppp,metric_missing_or_unreliable_after_coverage_filter,,
ME,2016,rd_expenditure_per_student_ppp,metric_missing_or_unreliable_after_coverage_filter,,
ME,2022,rd_expenditure_per_student_ppp,metric_missing_or_unreliable_after_coverage_filter,,
MK,2014,rd_expenditure_per_student_ppp,metric_missing_or_unreliable_after_coverage_filter,,
MK,2015,rd_expenditure_per_student_ppp,metric_missing_or_unreliable_after_coverage_filter,,
MK,2016,rd_expenditure_per_student_ppp,metric_missing_or_unreliable_after_coverage_filter,,
MK,2017,rd_expenditure_per_student_ppp,metric_missing_or_unreliable_after_coverage_filter,,
MK,2018,rd_expenditure_per_student_ppp,metric_missing_or_unreliable_after_coverage_filter,,
MK,2019,rd_expenditure_per_student_ppp,metric_missing_or_unreliable_after_coverage_filter,,
NL,2014,rd_expenditure_per_student_ppp,metric_missing_or_unreliable_after_coverage_filter,,
NL,2015,rd_expenditure_per_student_ppp,metric_missing_or_unreliable_after_coverage_filter,,
NL,2016,rd_expenditure_per_student_ppp,metric_missing_or_unreliable_after_coverage_filter,,
NL,2017,rd_expenditure_per_student_ppp,metric_missing_or_unreliable_after_coverage_filter,,
NL,2018,rd_expenditure_per_student_ppp,metric_missing_or_unreliable_after_coverage_filter,,
NL,2019,rd_expenditure_per_student_ppp,metric_missing_or_unreliable_after_coverage_filter,,
NL,2020,rd_expenditure_per_student_ppp,metric_missing_or_unreliable_after_coverage_filter,,
NL,2021,rd_expenditure_per_student_ppp,metric_missing_or_unreliable_after_coverage_filter,,
NL,2022,rd_expenditure_per_student_ppp,metric_missing_or_unreliable_after_coverage_filter,,
NL,2023,rd_expenditure_per_student_ppp,metric_missing_or_unreliable_after_coverage_filter,,
NO,2014,rd_expenditure_per_student_ppp,metric_missing_or_unreliable_after_coverage_filter,,
NO,2016,rd_expenditure_per_student_ppp,metric_missing_or_unreliable_after_coverage_filter,,
NO,2018,rd_expenditure_per_student_ppp,metric_missing_or_unreliable_after_coverage_filter,,
NO,2020,rd_expenditure_per_student_ppp,metric_missing_or_unreliable_after_coverage_filter,,
NO,2022,rd_expenditure_per_student_ppp,metric_missing_or_unreliable_after_coverage_filter,,
PT,2023,rd_expenditure_per_student_ppp,metric_missing_or_unreliable_after_coverage_filter,,
RO,2014,rd_expenditure_per_student_ppp,metric_missing_or_unreliable_after_coverage_filter,,
RO,2021,rd_expenditure_per_student_ppp,metric_missing_or_unreliable_after_coverage_filter,,
RO,2022,rd_expenditure_per_student_ppp,metric_missing_or_unreliable_after_coverage_filter,,
RO,2023,rd_expenditure_per_student_ppp,metric_missing_or_unreliable_after_coverage_filter,,
RS,2015,rd_expenditure_per_student_ppp,metric_missing_or_unreliable_after_coverage_filter,,
TR,2020,rd_expenditure_per_student_ppp,metric_missing_or_unreliable_after_coverage_filter,,
TR,2021,rd_expenditure_per_student_ppp,metric_missing_or_unreliable_after_coverage_filter,,
TR,2022,rd_expenditure_per_student_ppp,metric_missing_or_unreliable_after_coverage_filter,,
TR,2023,rd_expenditure_per_student_ppp,metric_missing_or_unreliable_after_coverage_filter,,
VA,2017,rd_expenditure_per_student_ppp,metric_missing_or_unreliable_after_coverage_filter,,
VA,2018,rd_expenditure_per_student_ppp,metric_missing_or_unreliable_after_coverage_filter,,
VA,2019,rd_expenditure_per_student_ppp,metric_missing_or_unreliable_after_coverage_filter,,
VA,2020,rd_expenditure_per_student_ppp,metric_missing_or_unreliable_after_coverage_filter,,
VA,2021,rd_expenditure_per_student_ppp,metric_missing_or_unreliable_after_coverage_filter,,
XK,2023,rd_expenditure_per_student_ppp,metric_missing_or_unreliable_after_coverage_filter,,
AD,2017,student_coverage_share,student_coverage_below_80pct,0.0,
AD,2018,student_coverage_share,student_coverage_below_80pct,0.5,
AD,2019,student_coverage_share,student_coverage_below_80pct,0.5,
AD,2020,student_coverage_share,student_coverage_below_80pct,0.5,
AL,2022,student_coverage_share,student_coverage_below_80pct,0.0,
AL,2023,student_coverage_share,student_coverage_below_80pct,0.0,
BE,2014,student_coverage_share,student_coverage_below_80pct,0.35384615384615387,
BE,2015,student_coverage_share,student_coverage_below_80pct,0.34375,
BE,2016,student_coverage_share,student_coverage_below_80pct,0.3492063492063492,
BE,2017,student_coverage_share,student_coverage_below_80pct,0.4228187919463087,
BE,2018,student_coverage_share,student_coverage_below_80pct,0.4228187919463087,
BE,2019,student_coverage_share,student_coverage_below_80pct,0.4228187919463087,
BE,2020,student_coverage_share,student_coverage_below_80pct,0.4228187919463087,
BE,2021,student_coverage_share,student_coverage_below_80pct,0.42567567567567566,
BE,2022,student_coverage_share,student_coverage_below_80pct,0.3958333333333333,
BE,2023,student_coverage_share,student_coverage_below_80pct,0.43356643356643354,
DK,2014,student_coverage_share,student_coverage_below_80pct,0.0,
FR,2015,student_coverage_share,student_coverage_below_80pct,0.0,
FR,2018,student_coverage_share,student_coverage_below_80pct,0.0,
IS,2015,student_coverage_share,student_coverage_below_80pct,0.0,
IS,2016,student_coverage_share,student_coverage_below_80pct,0.0,
LU,2017,student_coverage_share,student_coverage_below_80pct,0.6666666666666666,
LU,2018,student_coverage_share,student_coverage_below_80pct,0.6666666666666666,
LU,2019,student_coverage_share,student_coverage_below_80pct,0.6666666666666666,
LU,2020,student_coverage_share,student_coverage_below_80pct,0.6666666666666666,
LU,2021,student_coverage_share,student_coverage_below_80pct,0.6666666666666666,
LU,2022,student_coverage_share,student_coverage_below_80pct,0.6666666666666666,
LU,2023,student_coverage_share,student_coverage_below_80pct,0.6666666666666666,
ME,2014,student_coverage_share,student_coverage_below_80pct,0.0,
ME,2015,student_coverage_share,student_coverage_below_80pct,0.0,
ME,2016,student_coverage_share,student_coverage_below_80pct,0.0,
ME,2022,student_coverage_share,student_coverage_below_80pct,0.7142857142857143,
MK,2014,student_coverage_share,student_coverage_below_80pct,0.7692307692307693,
MK,2015,student_coverage_share,student_coverage_below_80pct,0.6428571428571429,
RO,2015,student_coverage_share,student_coverage_below_80pct,0.53125,
RO,2016,student_coverage_share,student_coverage_below_80pct,0.5425531914893617,
RO,2017,student_coverage_share,student_coverage_below_80pct,0.5638297872340425,
RO,2018,student_coverage_share,student_coverage_below_80pct,0.5591397849462365,
RO,2019,student_coverage_share,student_coverage_below_80pct,0.5652173913043478,
RO,2020,student_coverage_share,student_coverage_below_80pct,0.5444444444444444,
RS,2014,student_coverage_share,student_coverage_below_80pct,0.36585365853658536,
RS,2015,student_coverage_share,student_coverage_below_80pct,0.3695652173913043,
VA,2017,student_coverage_share,student_coverage_below_80pct,0.0,
VA,2018,student_coverage_share,student_coverage_below_80pct,0.0,
VA,2019,student_coverage_share,student_coverage_below_80pct,0.0,
VA,2020,student_coverage_share,student_coverage_below_80pct,0.0,
VA,2021,student_coverage_share,student_coverage_below_80pct,0.0,
AD,2017,isced_structure,complete_isced_structure_below_80pct,,0.0
AD,2018,isced_structure,complete_isced_structure_below_80pct,,0.0
AD,2019,isced_structure,complete_isced_structure_below_80pct,,0.0
AD,2020,isced_structure,complete_isced_structure_below_80pct,,0.0
AD,2021,isced_structure,complete_isced_structure_below_80pct,,0.0
AD,2022,isced_structure,complete_isced_structure_below_80pct,,0.0
AD,2023,isced_structure,complete_isced_structure_below_80pct,,0.0
AL,2013,isced_structure,complete_isced_structure_below_80pct,,0.0
AL,2014,isced_structure,complete_isced_structure_below_80pct,,0.0
AL,2015,isced_structure,complete_isced_structure_below_80pct,,0.175
AL,2016,isced_structure,complete_isced_structure_below_80pct,,0.275
AL,2022,isced_structure,complete_isced_structure_below_80pct,,0.0
AL,2023,isced_structure,complete_isced_structure_below_80pct,,0.0
BE,2014,isced_structure,complete_isced_structure_below_80pct,,0.35384615384615387
BE,2015,isced_structure,complete_isced_structure_below_80pct,,0.34375
BE,2016,isced_structure,complete_isced_structure_below_80pct,,0.3492063492063492
BE,2017,isced_structure,complete_isced_structure_below_80pct,,0.4228187919463087
BE,2018,isced_structure,complete_isced_structure_below_80pct,,0.4228187919463087
BE,2019,isced_structure,complete_isced_structure_below_80pct,,0.4228187919463087
BE,2020,isced_structure,complete_isced_structure_below_80pct,,0.4228187919463087
BE,2021,isced_structure,complete_isced_structure_below_80pct,,0.42567567567567566
BE,2022,isced_structure,complete_isced_structure_below_80pct,,0.3958333333333333
BE,2023,isced_structure,complete_isced_structure_below_80pct,,0.3986013986013986
DK,2014,isced_structure,complete_isced_structure_below_80pct,,0.0
FR,2014,isced_structure,complete_isced_structure_below_80pct,,0.6613333333333333
FR,2015,isced_structure,complete_isced_structure_below_80pct,,0.0
FR,2017,isced_structure,complete_isced_structure_below_80pct,,0.0
FR,2018,isced_structure,complete_isced_structure_below_80pct,,0.0
FR,2019,isced_structure,complete_isced_structure_below_80pct,,0.5609756097560976
FR,2020,isced_structure,complete_isced_structure_below_80pct,,0.5742574257425742
FR,2021,isced_structure,complete_isced_structure_below_80pct,,0.0
FR,2022,isced_structure,complete_isced_structure_below_80pct,,0.0
FR,2023,isced_structure,complete_isced_structure_below_80pct,,0.0
IS,2015,isced_structure,complete_isced_structure_below_80pct,,0.0
IS,2016,isced_structure,complete_isced_structure_below_80pct,,0.0
IS,2020,isced_structure,complete_isced_structure_below_80pct,,0.0
IS,2021,isced_structure,complete_isced_structure_below_80pct,,0.42857142857142855
IS,2022,isced_structure,complete_isced_structure_below_80pct,,0.2857142857142857
IS,2023,isced_structure,complete_isced_structure_below_80pct,,0.14285714285714285
LT,2015,isced_structure,complete_isced_structure_below_80pct,,0.7674418604651163
LT,2016,isced_structure,complete_isced_structure_below_80pct,,0.7674418604651163
LT,2018,isced_structure,complete_isced_structure_below_80pct,,0.7894736842105263
LT,2020,isced_structure,complete_isced_structure_below_80pct,,0.7222222222222222
LT,2021,isced_structure,complete_isced_structure_below_80pct,,0.7142857142857143
LU,2016,isced_structure,complete_isced_structure_below_80pct,,0.5
LU,2017,isced_structure,complete_isced_structure_below_80pct,,0.3333333333333333
LU,2018,isced_structure,complete_isced_structure_below_80pct,,0.3333333333333333
LU,2019,isced_structure,complete_isced_structure_below_80pct,,0.3333333333333333
LU,2020,isced_structure,complete_isced_structure_below_80pct,,0.3333333333333333
LU,2021,isced_structure,complete_isced_structure_below_80pct,,0.3333333333333333
LU,2022,isced_structure,complete_isced_structure_below_80pct,,0.3333333333333333
LU,2023,isced_structure,complete_isced_structure_below_80pct,,0.3333333333333333
LV,2023,isced_structure,complete_isced_structure_below_80pct,,0.6190476190476191
ME,2014,isced_structure,complete_isced_structure_below_80pct,,0.0
ME,2015,isced_structure,complete_isced_structure_below_80pct,,0.0
ME,2016,isced_structure,complete_isced_structure_below_80pct,,0.0
ME,2022,isced_structure,complete_isced_structure_below_80pct,,0.42857142857142855
MK,2014,isced_structure,complete_isced_structure_below_80pct,,0.38461538461538464
MK,2015,isced_structure,complete_isced_structure_below_80pct,,0.0
MK,2016,isced_structure,complete_isced_structure_below_80pct,,0.0
MK,2017,isced_structure,complete_isced_structure_below_80pct,,0.4117647058823529
MK,2018,isced_structure,complete_isced_structure_below_80pct,,0.5882352941176471
MK,2019,isced_structure,complete_isced_structure_below_80pct,,0.7647058823529411
MT,2017,isced_structure,complete_isced_structure_below_80pct,,0.75
NL,2023,isced_structure,complete_isced_structure_below_80pct,,0.6491228070175439
RO,2014,isced_structure,complete_isced_structure_below_80pct,,0.46875
RO,2015,isced_structure,complete_isced_structure_below_80pct,,0.17708333333333334
RO,2016,isced_structure,complete_isced_structure_below_80pct,,0.20212765957446807
RO,2017,isced_structure,complete_isced_structure_below_80pct,,0.22340425531914893
RO,2018,isced_structure,complete_isced_structure_below_80pct,,0.21505376344086022
RO,2019,isced_structure,complete_isced_structure_below_80pct,,0.2391304347826087
RO,2020,isced_structure,complete_isced_structure_below_80pct,,0.15555555555555556
RO,2021,isced_structure,complete_isced_structure_below_80pct,,0.5111111111111111
RS,2014,isced_structure,complete_isced_structure_below_80pct,,0.36585365853658536
RS,2015,isced_structure,complete_isced_structure_below_80pct,,0.32608695652173914
UK,2017,isced_structure,complete_isced_structure_below_80pct,,0.6782945736434108
UK,2018,isced_structure,complete_isced_structure_below_80pct,,0.68359375
UK,2019,isced_structure,complete_isced_structure_below_80pct,,0.6862745098039216
UK,2020,isced_structure,complete_isced_structure_below_80pct,,0.7086614173228346
UK,2021,isced_structure,complete_isced_structure_below_80pct,,0.7103174603174603
UK,2023,isced_structure,complete_isced_structure_below_80pct,,0.7918367346938775
VA,2017,isced_structure,complete_isced_structure_below_80pct,,0.0
VA,2018,isced_structure,complete_isced_structure_below_80pct,,0.0
VA,2019,isced_structure,complete_isced_structure_below_80pct,,0.0
VA,2020,isced_structure,complete_isced_structure_below_80pct,,0.0
VA,2021,isced_structure,complete_isced_structure_below_80pct,,0.0
XK,2017,isced_structure,complete_isced_structure_below_80pct,,0.5517241379310345
XK,2018,isced_structure,complete_isced_structure_below_80pct,,0.6206896551724138
XK,2019,isced_structure,complete_isced_structure_below_80pct,,0.5517241379310345
XK,2022,isced_structure,complete_isced_structure_below_80pct,,0.0
XK,2023,isced_structure,complete_isced_structure_below_80pct,,0.782608695652174
