Код спеціальності,Назва спеціальності,students,institutions,regions,degrees,budget_students,contract_students,budget_share
081,Право,58016,288,24,6,5132.0,52884,0.08845835631549917
073,Менеджмент,39985,320,25,5,6291.0,33694,0.15733400025009378
053,Психологія,32806,174,24,4,4306.0,28500,0.13125647747363287
014,Середня освіта,31392,119,24,6,20131.0,11261,0.6412780326197758
D3,Менеджмент,29432,428,25,4,4003.0,25429,0.13600842620277248
C4,Психологія,27336,179,24,3,2209.0,25127,0.08080918934738074
223,Медсестринство,26489,112,25,5,18014.0,8475,0.680055872248858
122,Комп'ютерні науки,26260,184,24,5,13839.0,12421,0.526999238385377
192,Будівництво та цивільна інженерія,25186,135,24,5,14802.0,10384,0.5877074565234655
121,Інженерія програмного забезпечення,25094,173,24,5,13542.0,11552,0.5396509125687415
222,Медицина,24927,58,19,3,15970.0,8957,0.6406707586151562
141,"Електроенергетика, електротехніка та електромеханіка",23848,183,25,5,15079.0,8769,0.6322962093257296
035,Філологія,22871,121,24,4,8197.0,14674,0.35840146910935244
072,"Фінанси, банківська справа, страхування та фондовий ринок",20272,330,24,4,5057.0,15215,0.24945737963693765
051,Економіка,19339,243,25,4,4712.0,14627,0.2436527224778944
D8,Право,18748,162,24,3,1864.0,16884,0.0994239385534457
075,Маркетинг,18266,174,24,4,3548.0,14718,0.1942406657177269
123,Комп’ютерна інженерія,17829,159,25,5,10459.0,7370,0.5866285265578551
076,Підприємництво та торгівля,17141,238,24,4,4797.0,12344,0.2798553176594131
022,Дизайн,16959,118,24,5,5447.0,11512,0.3211863907069992
201,Агрономія,16512,102,24,5,9340.0,7172,0.5656492248062015
133,Галузеве машинобудування,16419,163,25,5,9945.0,6474,0.6057007125890737
A4,Середня освіта,16209,114,24,4,10429.0,5780,0.6434079832191992
071,Облік і оподаткування,16061,308,25,5,4952.0,11109,0.3083245127949692
208,Агроінженерія,15985,83,23,4,9304.0,6681,0.5820456678135753
181,Харчові технології,15177,139,25,5,7900.0,7277,0.5205244778282928
274,Автомобільний транспорт,14623,112,25,5,7289.0,7334,0.4984613280448608
017,Фізична культура і спорт,14502,97,24,5,5374.0,9128,0.37056957661012274
275,Транспортні технології,13913,85,23,5,7163.0,6750,0.5148422338819809
013,Початкова освіта,13233,95,24,5,9504.0,3729,0.7182044887780549
D2,"Фінанси, банківська справа, страхування та фондовий ринок",12583,325,24,4,2847.0,9736,0.22625764920925057
I5,Медсестринство,12354,116,25,4,7911.0,4443,0.6403593977659058
G19,Будівництво та цивільна інженерія,11957,137,24,4,7596.0,4361,0.6352764071255331
B11,Філологія,11528,107,24,3,3410.0,8118,0.2958015267175573
241,Готельно-ресторанна справа,11513,144,23,5,2580.0,8933,0.2240945018674542
F3,Комп'ютерні науки,11203,198,24,4,6277.0,4926,0.5602963491921806
D5,Маркетинг,10947,183,24,4,1683.0,9264,0.15374075089065498
G3,Електрична інженерія,10456,179,25,4,7069.0,3387,0.676071155317521
221,Стоматологія,10242,58,23,5,993.0,9249,0.09695371997656707
F2,Інженерія програмного забезпечення,10115,174,24,4,5736.0,4379,0.5670785961443401
J8,Автомобільний транспорт,10109,131,25,4,5353.0,4756,0.5295281432386982
271,Морський та внутрішній водний транспорт,9530,18,5,4,2851.0,6679,0.2991605456453305
C1,Економіка та міжнародні економічні відносини,9491,152,24,3,1543.0,7948,0.16257507112000844
226,"Фармація, промислова фармація",9401,77,23,6,1679.0,7722,0.17859802148707585
012,Дошкільна освіта,9390,85,24,4,5925.0,3465,0.6309904153354633
D1,Облік і оподаткування,8847,304,24,4,2856.0,5991,0.3228212953543574
025,Музичне мистецтво,8837,82,25,5,7059.0,1778,0.7988004979065294
211,Ветеринарна медицина,8442,45,24,6,5785.0,2657,0.6852641554134091
H1,Агрономія,8309,103,24,4,5214.0,3095,0.6275123360211818
G13,Харчові технології,8140,148,25,4,5012.0,3128,0.6157248157248157
174,"Автоматизація, комп’ютерно-інтегровані технології та робототехніка",8048,113,24,4,5122.0,2926,0.6364314115308151
K9,Правоохоронна діяльність,8008,64,22,4,164.0,7844,0.02047952047952048
061,Журналістика,7784,95,23,4,1765.0,6019,0.22674717368961975
B2,Дизайн,7619,127,24,4,2378.0,5241,0.31211445071531696
G11,Машинобудування,7540,160,25,4,4627.0,2913,0.6136604774535809
015,Професійна освіта,7500,80,25,5,2748.0,4752,0.3664
205,Лісове господарство,7396,49,20,5,2791.0,4605,0.37736614386154677
H7,Агроінженерія,7036,83,23,4,4696.0,2340,0.6674246731097214
F7,Комп'ютерна інженерія,7025,160,24,4,4220.0,2805,0.600711743772242
227,Терапія та реабілітація,6981,65,23,3,3163.0,3818,0.4530869502936542
131,Прикладна механіка,6979,88,22,4,4673.0,2306,0.6695801690786646
191,Архітектура та містобудування,6820,49,22,5,3510.0,3310,0.5146627565982405
D7,Торгівля,6691,163,25,4,2298.0,4393,0.34344642056493796
262,Правоохоронна діяльність,6587,50,19,4,96.0,6491,0.014574161226658569
231,Соціальна робота,6565,123,25,5,2800.0,3765,0.4265041888804265
A7,Фізична культура і спорт,6524,98,24,4,2725.0,3799,0.4176885346413243
281,Публічне управління та адміністрування,6449,100,23,3,890.0,5559,0.1380058923864165
125,Кібербезпека та захист інформації,6336,65,23,4,2849.0,3487,0.4496527777777778
A3,Початкова освіта,5908,93,24,4,4080.0,1828,0.6905890318212593
172,Електронні комунікації та радіотехніка,5881,64,23,4,3711.0,2170,0.6310151334807006
D4,Публічне управління та адміністрування,5644,111,24,3,1170.0,4474,0.20729978738483346
101,Екологія,5639,114,24,4,3058.0,2581,0.5422947331087072
193,Геодезія та землеустрій,5623,89,24,4,3040.0,2583,0.5406366708162902
242,Туризм і рекреація,5533,159,22,4,1596.0,3937,0.2884511115127417
J2,Готельно-ресторанна справа та кейтеринг,5331,141,22,3,1222.0,4109,0.2292252860626524
F5,Кібербезпека та захист інформації,5291,70,23,4,2413.0,2878,0.45605745605745607
I2,Медицина,5278,48,19,2,3877.0,1401,0.7345585449033725
023,"Образотворче мистецтво, декоративне мистецтво, реставрація",5107,71,23,5,3413.0,1694,0.6682984139416487
204,Технологія виробництва і переробки продукції тваринництва,5093,51,21,4,2885.0,2208,0.5664637738071864
G7,"Автоматизація, комп’ютерно-інтегровані технології та робототехніка",5045,121,24,4,3623.0,1422,0.7181367690782954
291,"Міжнародні відносини, суспільні комунікації та регіональні студії",4875,47,21,3,1168.0,3707,0.23958974358974358
I7,Терапія та реабілітація,4850,66,23,3,2437.0,2413,0.5024742268041237
292,Міжнародні економічні відносини,4729,53,21,3,882.0,3847,0.1865087756396701
D6,Секретарська та офісна справа,4633,121,24,1,624.0,4009,0.1346859486293978
126,Інформаційні системи та технології,4471,68,22,4,2346.0,2125,0.5247148288973384
I1,Стоматологія,4398,61,23,3,336.0,4062,0.07639836289222374
G5,"Електроніка, електронні комунікації, приладобудування та радіотехніка",4327,78,24,4,3226.0,1101,0.7455511902010631
J5,Морський та внутрішній водний транспорт,4308,20,4,4,1444.0,2864,0.33519034354688954
C7,Журналістика,4232,102,23,4,671.0,3561,0.15855387523629488
I10,Соціальна робота та консультування,4125,129,25,4,1636.0,2489,0.39660606060606063
I8,Фармація,4004,77,23,3,581.0,3423,0.1451048951048951
029,"Інформаційна, бібліотечна та архівна справа",3858,93,23,5,1556.0,2302,0.4033177812337999
A2,Дошкільна освіта,3844,87,24,4,2425.0,1419,0.630853277835588
B5,Музичне мистецтво,3796,83,25,4,2943.0,853,0.7752897787144363
273,Залізничний транспорт,3693,23,11,5,1854.0,1839,0.5020308692120228
016,Спеціальна освіта,3609,40,21,3,1651.0,1958,0.457467442504849
072,"Фінанси, банківська справа та страхування",3607,161,24,5,735.0,2872,0.20377044635431107
184,Гірництво,3581,28,10,5,2021.0,1560,0.5643674951130969
A6,Спеціальна освіта,3553,42,22,3,1037.0,2516,0.291866028708134
J3,Туризм та рекреація,3367,149,22,4,876.0,2491,0.2601722601722602
024,Хореографія,3323,63,24,5,1772.0,1551,0.5332530845621426
032,Історія та археологія,3253,70,24,4,1768.0,1485,0.5434983092529972
A5,Професійна освіта,3186,67,25,4,1819.0,1367,0.5709353421217828
G18,Геодезія та землеустрій,3175,87,24,4,1584.0,1591,0.4988976377952756
161,Хімічні технології та інженерія,3073,45,16,4,1595.0,1478,0.5190367718841523
293,Міжнародне право,3051,28,14,3,663.0,2388,0.21730580137659783
H4,Лісове господарство,2982,45,20,4,1394.0,1588,0.4674714956405097
G9,Прикладна механіка,2918,84,22,4,2263.0,655,0.7755311857436601
026,Сценічне мистецтво,2903,40,21,5,1660.0,1243,0.5718222528418877
136,Металургія,2892,27,8,5,1449.0,1443,0.5010373443983402
G16,Гірництво та нафтогазові технології,2889,38,13,4,1659.0,1230,0.5742471443406023
E2,Екологія,2857,107,24,4,1535.0,1322,0.5372768638431922
B6,Перформативні мистецтва,2846,74,24,4,1504.0,1342,0.5284609978917779
G17,Архітектура та містобудування,2766,32,19,3,1174.0,1592,0.4244396240057845
076,"Підприємництво, торгівля та біржова діяльність",2700,107,24,4,586.0,2114,0.21703703703703703
206,Садово-паркове господарство,2683,42,18,4,1573.0,1110,0.586284010436079
021,Аудіовізуальне мистецтво та виробництво,2655,22,10,4,1000.0,1655,0.3766478342749529
185,Нафтогазова інженерія та технології,2594,13,8,4,1490.0,1104,0.574402467232074
182,Технології легкої промисловості,2575,30,18,5,1574.0,1001,0.6112621359223301
113,Прикладна математика,2545,49,17,4,1971.0,574,0.7744597249508841
125,Кібербезпека,2538,51,22,4,1325.0,1213,0.5220646178092987
C3,Міжнародні відносини,2532,45,21,3,499.0,2033,0.1970774091627172
H6,Ветеринарна медицина,2464,43,24,3,1726.0,738,0.700487012987013
028,Менеджмент соціокультурної діяльності,2429,43,19,4,1007.0,1422,0.4145738987237546
052,Політологія,2363,53,21,3,499.0,1864,0.21117223867964452
151,Автоматизація та комп’ютерно-інтегровані технології,2354,103,24,5,1557.0,797,0.6614273576890399
J7,Залізничний транспорт,2211,24,10,4,1421.0,790,0.6426956128448665
171,Електроніка,2168,37,18,4,1615.0,553,0.7449261992619927
142,Енергетичне машинобудування,2139,27,11,4,1221.0,918,0.5708274894810659
F6,Інформаційні системи і технології,2128,70,23,4,1244.0,884,0.5845864661654135
144,Теплоенергетика,2097,39,15,4,1165.0,932,0.5555555555555556
172,Телекомунікації та радіотехніка,2084,53,22,5,1515.0,569,0.7269673704414588
261,Пожежна безпека,2071,5,3,4,320.0,1751,0.1545147271849348
011,"Освітні, педагогічні науки",2017,69,24,3,554.0,1463,0.2746653445711453
H2,Тваринництво,1948,49,21,4,1307.0,641,0.6709445585215605
103,Науки про Землю,1907,39,17,4,1210.0,697,0.6345044572627163
162,Біотехнології та біоінженерія,1896,30,12,4,1012.0,884,0.5337552742616034
256,Національна безпека,1892,13,8,3,28.0,1864,0.014799154334038054
134,Авіаційна та ракетно-космічна техніка,1881,13,6,4,1215.0,666,0.645933014354067
124,Системний аналіз,1860,29,13,3,1178.0,682,0.6333333333333333
G4,Енерговиробництво,1815,50,17,4,1055.0,760,0.581267217630854
263,Цивільна безпека,1769,21,11,3,343.0,1426,0.19389485585076313
B13,"Бібліотечна, інформаційна та архівна справа",1646,85,22,4,814.0,832,0.4945321992709599
132,Матеріалознавство,1638,37,17,3,986.0,652,0.6019536019536019
091,Біологія та біохімія,1597,65,22,3,1177.0,420,0.7370068879148404
183,Технології захисту навколишнього середовища,1555,30,15,4,707.0,848,0.45466237942122184
C2,Політологія,1541,54,22,3,262.0,1279,0.1700194678780013
B4,Образотворче мистецтво та реставрація,1493,49,20,4,967.0,526,0.6476892163429336
186,Видавництво та поліграфія,1394,20,11,4,955.0,439,0.6850789096126255
102,Хімія,1350,37,18,4,1080.0,270,0.8
D9,Міжнародне право,1350,23,12,3,209.0,1141,0.15481481481481482
E1,Біологія та біохімія,1327,56,21,3,809.0,518,0.6096458176337604
227,"Фізична терапія, ерготерапія",1315,55,23,3,464.0,851,0.35285171102661594
G1,Хімічні технології та інженерія,1315,39,14,4,857.0,458,0.6517110266159696
054,Соціологія,1308,28,10,3,524.0,784,0.40061162079510704
175,Інформаційно-вимірювальні технології,1304,30,14,4,710.0,594,0.5444785276073619
B9,Історія та археологія,1288,63,24,3,794.0,494,0.6164596273291926
242,Туризм,1281,102,22,5,348.0,933,0.2716627634660422
G12,Авіаційна та ракетно-космічна техніка,1260,17,7,4,771.0,489,0.611904761904762
034,Культурологія,1247,39,15,3,486.0,761,0.3897353648757017
272,Авіаційний транспорт,1235,9,8,4,707.0,528,0.5724696356275304
G15,Технології легкої промисловості,1221,33,19,4,834.0,387,0.683046683046683
033,Філософія,1213,44,18,3,579.0,634,0.47732893652102226
207,Водні біоресурси та аквакультура,1210,15,10,4,642.0,568,0.5305785123966942
A1,Освітні науки,1118,73,23,2,359.0,759,0.3211091234347048
B1,Аудіовізуальне мистецтво та медіавиробництво,1117,24,11,4,434.0,683,0.38854073410922113
K3,Національна безпека,1109,10,8,3,14.0,1095,0.012623985572587917
H3,Садово-паркове господарство,1055,40,19,4,722.0,333,0.6843601895734597
041,Богослов’я,1046,12,9,3,3.0,1043,0.0028680688336520078
135,Суднобудування,1036,4,3,4,226.0,810,0.21814671814671815
J6,Авіаційний транспорт,1010,10,9,4,521.0,489,0.5158415841584159
F4,Системний аналіз та наука про дані,1007,30,14,3,674.0,333,0.6693147964250248
G10,Металургія,1007,24,7,4,672.0,335,0.6673286991062563
105,Прикладна фізика та наноматеріали,986,27,13,3,803.0,183,0.8144016227180527
G21,Біотехнології та біоінженерія,979,29,12,4,604.0,375,0.616956077630235
202,Захист і карантин рослин,977,13,11,3,486.0,491,0.49744114636642783
111,Математика,971,27,17,3,805.0,166,0.8290422245108136
104,Фізика та астрономія,953,33,13,3,768.0,185,0.8058761804826863
228,Педіатрія,950,17,14,2,760.0,190,0.8
232,Соціальне забезпечення,920,25,14,4,494.0,426,0.5369565217391304
E4,Науки про Землю,920,32,16,4,680.0,240,0.7391304347826086
091,Біологія,833,61,21,3,553.0,280,0.6638655462184874
187,Деревообробні та меблеві технології,822,9,7,3,384.0,438,0.46715328467153283
F1,Прикладна математика,820,33,13,3,712.0,108,0.8682926829268293
225,Медична психологія,809,9,7,2,281.0,528,0.3473423980222497
G6,Інформаційно-вимірювальні технології,736,28,13,4,478.0,258,0.6494565217391305
B3,Декоративне мистецтво та ремесла,729,30,18,3,572.0,157,0.7846364883401921
106,Географія,713,15,14,3,495.0,218,0.6942496493688639
G20,Видавництво та поліграфія,690,21,11,4,494.0,196,0.7159420289855073
224,Технології медичної діагностики та лікування,679,21,13,4,450.0,229,0.6627393225331369
K10,Цивільна безпека,640,13,8,3,166.0,474,0.259375
163,Біомедична інженерія,619,15,11,3,394.0,225,0.6365105008077544
C5,Соціологія,619,26,9,3,238.0,381,0.38449111470113084
G8,Матеріалознавство,604,28,15,3,493.0,111,0.8162251655629139
B12,Культурологія та музеєзнавство,596,37,12,3,292.0,304,0.4899328859060403
G2,Технології захисту навколишнього середовища,592,29,15,4,408.0,184,0.6891891891891891
E3,Хімія,579,30,18,4,494.0,85,0.853195164075993
K8,Пожежна безпека,570,4,3,4,84.0,486,0.14736842105263157
I6,Технології медичної діагностики та лікування,567,23,14,4,278.0,289,0.49029982363315694
173,Авіоніка,567,12,8,3,345.0,222,0.6084656084656085
H5,Водні біоресурси та аквакультура,508,14,9,4,358.0,150,0.7047244094488189
203,"Садівництво, плодоовочівництво та виноградарство",484,13,11,3,249.0,235,0.5144628099173554
B8,Богослов'я,458,12,10,3,0.0,458,0.0
194,"Гідротехнічне будівництво, водна інженерія та водні технології",436,11,8,3,246.0,190,0.5642201834862385
B10,Філософія,435,35,15,3,233.0,202,0.535632183908046
E7,Математика,434,23,14,3,389.0,45,0.8963133640552995
112,Статистика,433,8,8,3,204.0,229,0.47113163972286376
G22,Біомедична інженерія,428,16,12,3,283.0,145,0.6612149532710281
152,Метрологія та інформаційно-вимірювальна техніка,419,30,14,4,325.0,94,0.7756563245823389
176,Мікро- та наносистемна техніка,418,19,11,4,321.0,97,0.7679425837320574
143,Атомна енергетика,411,5,4,4,264.0,147,0.6423357664233577
E6,Прикладна фізика та наноматеріали,395,28,14,3,359.0,36,0.9088607594936708
E5,Фізика та астрономія,379,29,13,3,350.0,29,0.9234828496042217
229,Громадське здоров`я,344,19,12,3,61.0,283,0.17732558139534885
G14,Деревообробні та меблеві технології,331,12,9,4,171.0,160,0.5166163141993958
B14,Організація соціокультурної діяльності,318,17,16,1,230.0,88,0.7232704402515723
J1,Послуги краси,308,13,10,1,208.0,100,0.6753246753246753
J4,Охорона праці,276,12,7,2,91.0,185,0.32971014492753625
I9,Громадське здоров'я,253,21,13,3,38.0,215,0.15019762845849802
C6,Географія та регіональні студії,253,13,12,3,183.0,70,0.7233201581027668
153,Мікро- та наносистемна техніка,228,19,11,4,190.0,38,0.8333333333333334
212,"Ветеринарна гігієна, санітарія і експертиза",186,10,10,2,138.0,48,0.7419354838709677
203,Садівництво та виноградарство,185,11,10,2,120.0,65,0.6486486486486487
E8,Статистика,174,7,7,3,129.0,45,0.7413793103448276
145,Відновлювані джерела енергії та гідроенергетика,161,7,6,3,92.0,69,0.5714285714285714
027,"Музеєзнавство, пам’яткознавство",137,9,6,2,97.0,40,0.708029197080292
I3,Педіатрія,129,12,11,2,122.0,7,0.9457364341085271
I4,Медична психологія,120,8,7,2,109.0,11,0.9083333333333333
227,Фізична реабілітація,94,1,1,1,0.0,94,0.0
B7,Релігієзнавство,89,7,4,3,24.0,65,0.2696629213483146
031,Релігієзнавство,88,10,7,3,44.0,44,0.5
6.070106,автомобільний транспорт,78,1,1,1,0.0,78,0.0
6.050102,комп’ютерна інженерія,74,3,3,1,2.0,72,0.02702702702702703
5.07010602,обслуговування та ремонт автомобілів і двигунів,54,3,3,1,0.0,54,0.0
6.010203,здоров’я людини,43,3,3,1,0.0,43,0.0
251,Державна безпека,37,2,2,1,0.0,37,0.0
5.12010102,сестринська справа,33,5,5,1,2.0,31,0.06060606060606061
145,Гідроенергетика,32,4,3,2,30.0,2,0.9375
7.03050401,економіка підприємства,28,2,1,1,0.0,28,0.0
255,Озброєння та військова техніка,20,4,2,1,14.0,6,0.7
5.12010106,стоматологія ортопедична,19,2,2,1,0.0,19,0.0
6.030504,економіка підприємства,19,4,3,1,0.0,19,0.0
5.03050901,бухгалтерський облік,19,1,1,1,0.0,19,0.0
K1,Державна безпека,17,2,2,1,0.0,17,0.0
7.03050901,облік і аудит,15,2,2,1,0.0,15,0.0
6.030509,облік і аудит,14,2,2,1,0.0,14,0.0
252,Безпека державного кордону,14,1,1,1,0.0,14,0.0
7.12010001,лікувальна справа,13,6,6,1,2.0,11,0.15384615384615385
6.030601,менеджмент,12,5,5,1,0.0,12,0.0
253,Військове управління,9,1,1,1,5.0,4,0.5555555555555556
122,Комп’ютерні науки та інформаційні технології,9,5,3,4,5.0,4,0.5555555555555556
5.12010101,лікувальна справа,8,2,2,1,1.0,7,0.125
271,Річковий та морський транспорт,8,3,2,2,3.0,5,0.375
7.03060101,менеджмент організацій і адміністрування,8,1,1,1,0.0,8,0.0
K7,Озброєння та військова техніка,7,2,1,1,3.0,4,0.42857142857142855
7.03050701,маркетинг,6,1,1,1,0.0,6,0.0
6.030507,маркетинг,6,1,1,1,0.0,6,0.0
K2,Безпека державного кордону,5,1,1,1,0.0,5,0.0
6.010201,фізичне виховання,5,3,3,1,0.0,5,0.0
6.030401,правознавство,5,4,4,1,0.0,5,0.0
257,Управління інформаційною безпекою,4,1,1,1,0.0,4,0.0
6.090102,технологія виробництва і переробки продукції тваринництва,4,1,1,1,2.0,2,0.5
5.01010401,професійна освіта,3,1,1,1,0.0,3,0.0
5.03040101,правознавство,3,3,2,1,0.0,3,0.0
I11,Дитячі та молодіжні служби,3,2,2,1,1.0,2,0.3333333333333333
5.12010105,акушерська справа,3,1,1,1,0.0,3,0.0
6.030102,психологія,3,3,2,1,1.0,2,0.3333333333333333
011,Науки про освіту,3,2,2,1,0.0,3,0.0
5.05170101,виробництво харчової продукції,2,2,2,1,1.0,1,0.5
6.020303,філологія,2,2,2,1,1.0,1,0.5
6.050101,комп’ютерні науки,2,2,2,1,2.0,0,1.0
6.050103,програмна інженерія,2,2,2,1,1.0,1,0.5
6.030508,фінанси і кредит,2,2,2,1,0.0,2,0.0
6.090101,агрономія,2,1,1,1,0.0,2,0.0
5.05030102,підземна розробка корисних копалин,2,1,1,1,1.0,1,0.5
6.050701,електротехніка та електротехнології,2,1,1,1,2.0,0,1.0
6.090103,лісове і садово-паркове господарство,2,1,1,1,0.0,2,0.0
7.11010101,ветеринарна медицина,2,1,1,1,0.0,2,0.0
7.03040101,правознавство,2,2,2,1,0.0,2,0.0
5.02020702,перукарське мистецтво та декоративна косметика,1,1,1,1,0.0,1,0.0
6.090201,водні біоресурси та аквакультура,1,1,1,1,0.0,1,0.0
6.040106,"екологія, охорона навколишнього середовища та збалансоване природокористування",1,1,1,1,0.0,1,0.0
5.03050401,економіка підприємства,1,1,1,1,1.0,0,1.0
5.02020401,музичне мистецтво,1,1,1,1,1.0,0,1.0
5.02020501,образотворче мистецтво,1,1,1,1,0.0,1,0.0
7.03010201,психологія,1,1,1,1,0.0,1,0.0
7.01010501,корекційна освіта,1,1,1,1,0.0,1,0.0
5.01010201,початкова освіта,1,1,1,1,1.0,0,1.0
7.02030302,мова і література,1,1,1,1,1.0,0,1.0
5.05050204,"експлуатація та ремонт підйомно-транспортних, будівельних і дорожніх машин і обладнання",1,1,1,1,1.0,0,1.0
7.03020201,міжнародне право,1,1,1,1,0.0,1,0.0
7.12010002,педіатрія,1,1,1,1,0.0,1,0.0
8.03040101,правознавство,1,1,1,1,0.0,1,0.0
8.18010006,зовнішня політика,1,1,1,1,1.0,0,1.0
074,Публічне управління та адміністрування,1,1,1,1,0.0,1,0.0
5.05030302,обробка природного каменю,1,1,1,1,1.0,0,1.0
5.05160201,швейне виробництво,1,1,1,1,0.0,1,0.0
5.05050302,технологія обробки матеріалів на верстатах і автоматичних лініях,1,1,1,1,1.0,0,1.0
6.040102,біологія,1,1,1,1,0.0,1,0.0
6.050502,інженерна механіка,1,1,1,1,0.0,1,0.0
6.030505,управління персоналом та економіка праці,1,1,1,1,0.0,1,0.0
6.030502,економічна кібернетика,1,1,1,1,0.0,1,0.0
6.050902,радіоелектронні апарати,1,1,1,1,1.0,0,1.0
6.030203,міжнародні економічні відносини,1,1,1,1,0.0,1,0.0
8.18010010,"якість, стандартизація та сертифікація",1,1,1,1,0.0,1,0.0
6.030101,соціологія,1,1,1,1,0.0,1,0.0
6.020202,хореографія,1,1,1,1,0.0,1,0.0
6.051301,хімічна технологія,1,1,1,1,0.0,1,0.0
6.010104,професійна освіта,1,1,1,1,0.0,1,0.0
6.010102,початкова освіта,1,1,1,1,0.0,1,0.0
5.14010301,Туристичне обслуговування,1,1,1,1,0.0,1,0.0
5.14010201,обслуговування та ремонт електропобутової техніки,1,1,1,1,1.0,0,1.0
6.051701,харчові технології та інженерія,1,1,1,1,0.0,1,0.0
6.060101,будівництво,1,1,1,1,0.0,1,0.0
5.10010201,експлуатація та ремонт машин і обладнання агропромислового виробництва,1,1,1,1,1.0,0,1.0
5.09010103,виробництво і переробка продукції рослинництва,1,1,1,1,1.0,0,1.0
8.18010013,управління проектами,1,1,1,1,1.0,0,1.0
226,Фармація,0,1,1,1,0.0,0,
