anomaly,record_id,institution_id,institution_name,country_code,city,year,students_total_analysis,students_total_analysis_source,students_total_includes_isced8,students_total_component_sum_incomplete,foreign_students_total_analysis,foreign_students_total_analysis_source,foreign_total_includes_isced8,foreign_total_component_sum_incomplete,foreign_students_share,student_staff_ratio,expenditure_per_student_ppp
negative_finance_values,UK0190.2023,UK0190,Arden University,UK,Conventry,2023,28710.0,reported_5_7_plus_observed_8,True,False,,missing,False,False,,74.57142857142857,4333.221053861093
student_staff_ratio_above_100,DE0100.2023,DE0100,DIU-Dresden Intern. University GmbH Dresden (Priv. H),DE,Dresden,2023,1047.0,reported_5_7_plus_observed_8,True,False,223.0,reported_5_7_plus_observed_8,True,False,0.21298949379178606,116.33333333333333,6485.9086600406445
student_staff_ratio_above_100,DE0292.2023,DE0292,DIPLOMA Hochschule,DE,Bückeburg,2023,6283.0,reported_5_7_plus_observed_8,True,False,472.0,reported_5_7_plus_observed_8,True,False,0.07512334871876492,108.32758620689656,2311.919192628512
student_staff_ratio_above_100,DE0304.2023,DE0304,PFH - Private Hochschule Göttingen,DE,Göttingen,2023,4145.0,reported_5_7_plus_observed_8,True,False,372.0,reported_5_7_plus_observed_8,True,False,0.08974668275030157,101.09756097560975,3670.711531677974
student_staff_ratio_above_100,DE0320.2023,DE0320,IU Internationale Hochschule,DE,Bad Honnef,2023,116296.0,reported_5_7_plus_observed_8,True,False,16511.0,reported_5_7_plus_observed_8,True,False,0.14197392859599642,102.1933216168717,3269.46487933784
student_staff_ratio_above_100,ES0067.2023,ES0067,Universidad Nacional de Educación a Distancia,ES,Madrid,2023,130184.0,reported_5_7_plus_observed_8,True,False,5268.0,reported_5_7_plus_observed_8,True,False,0.040465802249124314,103.85474503797307,
student_staff_ratio_above_100,ES0076.2023,ES0076,Universitat Oberta de Catalunya,ES,Barcelona,2023,72346.0,reported_5_7_plus_observed_8,True,False,3994.0,reported_5_7_plus_observed_8,True,False,0.05520692229010588,171.2536730242997,
student_staff_ratio_above_100,IT0048.2023,IT0048,Università Telematica PEGASO,IT,Naples,2023,118060.0,reported_5_7_plus_observed_8,True,False,3285.0,reported_5_7_plus_observed_8,True,False,0.027824834829747586,284.48192771084337,
student_staff_ratio_above_100,IT0049.2023,IT0049,"Università Telematica ""E-CAMPUS""",IT,Novedrate,2023,70850.0,reported_5_7_plus_observed_8,True,False,2915.0,reported_5_7_plus_observed_8,True,False,0.04114326040931546,111.5748031496063,
student_staff_ratio_above_100,IT0073.2023,IT0073,Università Telematica UNITELMA SAPIENZA,IT,Rome,2023,10445.0,reported_5_7_plus_observed_8,True,False,520.0,reported_5_7_plus_observed_8,True,False,0.04978458592628052,116.05555555555556,
student_staff_ratio_above_100,IT0076.2023,IT0076,"Università Telematica ""Universitas MERCATORUM""",IT,Rome,2023,57365.0,reported_5_7_plus_observed_8,True,False,1625.0,reported_5_7_plus_observed_8,True,False,0.02832737732066591,185.0483870967742,
student_staff_ratio_above_100,UK0161.2023,UK0161,University of the Highlands and Islands,UK,Dunoon,2023,9530.0,reported_5_7_plus_observed_8,True,False,,missing,False,False,,158.83333333333334,13533.957564653067
student_staff_ratio_above_100,UK0253.2023,UK0253,Nelson College London Ltd,UK,Ilford,2023,1770.0,reported_5_7_plus_observed_8,True,False,,missing,False,False,,118.0,8791.99833613795
student_staff_ratio_above_100,UK0300.2023,UK0300,College of Legal Practice Limited,UK,Leeds,2023,795.0,component_sum_5_8_observed,True,True,,missing,False,False,,159.0,3147.686426693332
student_staff_ratio_above_100,CY0047.2022,CY0047,Philips University,CY,Strovolos,2022,870.0,reported_5_7_plus_observed_8,True,False,870.0,reported_5_7_plus_observed_8,True,False,1.0,108.75,2724.3072030618673
student_staff_ratio_above_100,DE0213.2022,DE0213,SRH Fernhochschule Riedlingen,DE,Riedlingen,2022,8037.0,reported_5_7_plus_observed_8,True,False,759.0,reported_5_7_plus_observed_8,True,False,0.09443822321761851,100.4625,2141.4174796932825
student_staff_ratio_above_100,DE0292.2022,DE0292,DIPLOMA Hochschule,DE,Bückeburg,2022,7775.0,reported_5_7_plus_observed_8,True,False,630.0,reported_5_7_plus_observed_8,True,False,0.08102893890675242,131.77966101694915,1781.9145773707232
student_staff_ratio_above_100,DE0304.2022,DE0304,PFH - Private Hochschule Göttingen,DE,Göttingen,2022,4447.0,reported_5_7_plus_observed_8,True,False,368.0,reported_5_7_plus_observed_8,True,False,0.082752417360018,111.175,3678.9373110586953
student_staff_ratio_above_100,DE0320.2022,DE0320,IU Internationale Hochschule,DE,Bad Honnef,2022,106334.0,reported_5_7_plus_observed_8,True,False,14556.0,reported_5_7_plus_observed_8,True,False,0.1368894238907593,102.24423076923077,2923.062345274054
student_staff_ratio_above_100,ES0067.2022,ES0067,Universidad Nacional de Educación a Distancia,ES,Madrid,2022,130459.0,reported_5_7_plus_observed_8,True,False,5164.0,reported_5_7_plus_observed_8,True,False,0.03958331736407607,110.73114008284104,
student_staff_ratio_above_100,ES0076.2022,ES0076,Universitat Oberta de Catalunya,ES,Barcelona,2022,72915.0,reported_5_7_plus_observed_8,True,False,4537.0,reported_5_7_plus_observed_8,True,False,0.062223136528834946,176.41863991225225,
student_staff_ratio_above_100,IT0048.2022,IT0048,Università Telematica PEGASO,IT,Naples,2022,82070.0,reported_5_7_plus_observed_8,True,False,1440.0,reported_5_7_plus_observed_8,True,False,0.01754599731936152,256.46875,
student_staff_ratio_above_100,IT0049.2022,IT0049,"Università Telematica ""E-CAMPUS""",IT,Novedrate,2022,65040.0,reported_5_7_plus_observed_8,True,False,2735.0,reported_5_7_plus_observed_8,True,False,0.042051045510455104,153.03529411764706,
student_staff_ratio_above_100,IT0073.2022,IT0073,Università Telematica UNITELMA SAPIENZA,IT,Rome,2022,9825.0,reported_5_7_plus_observed_8,True,False,300.0,reported_5_7_plus_observed_8,True,False,0.030534351145038167,140.35714285714286,
student_staff_ratio_above_100,IT0076.2022,IT0076,"Università Telematica ""Universitas MERCATORUM""",IT,Rome,2022,41005.0,reported_5_7_plus_observed_8,True,False,1090.0,reported_5_7_plus_observed_8,True,False,0.026582124131203512,141.39655172413794,
student_staff_ratio_above_100,PL0158.2022,PL0158,Warszawska Uczelnia Medyczna im. Tadeusza Koźluka,PL,Warszawa,2022,1520.0,reported_5_7_plus_observed_8,True,False,45.0,reported_5_7_plus_observed_8,True,False,0.029605263157894735,101.33333333333333,
student_staff_ratio_above_100,PL0173.2022,PL0173,Szkoła Wyższa im. Pawła Włodkowica w Płocku,PL,Płock,2022,3845.0,reported_5_7_plus_observed_8,True,False,0.0,reported_5_7_plus_observed_8,True,False,0.0,128.16666666666666,
student_staff_ratio_above_100,PL0216.2022,PL0216,Wyższa Szkoła Zarządzania i Przedsiębiorczości w Wałbrzychu,PL,Wałbrzych,2022,3040.0,reported_5_7_plus_observed_8,True,False,5.0,reported_5_7_plus_observed_8,True,False,0.001644736842105263,152.0,
student_staff_ratio_above_100,PL0244.2022,PL0244,Wyższa Szkoła Administracji w Bielsku-Białej,PL,Bielsko-Biała,2022,1015.0,reported_5_7_plus_observed_8,True,False,5.0,reported_5_7_plus_observed_8,True,False,0.0049261083743842365,101.5,
student_staff_ratio_above_100,PL0248.2022,PL0248,Wyższa Szkoła Bankowa w Poznaniu,PL,Poznań,2022,28855.0,reported_5_7_plus_observed_8,True,False,1290.0,reported_5_7_plus_observed_8,True,False,0.04470629007104488,131.1590909090909,
student_staff_ratio_above_100,PL0249.2022,PL0249,Wyższa Szkoła Bankowa w Toruniu,PL,Toruń,2022,14105.0,reported_5_7_plus_observed_8,True,False,595.0,reported_5_7_plus_observed_8,True,False,0.04218362282878412,112.84,
student_staff_ratio_above_100,PL0250.2022,PL0250,Wyższa Szkoła Bankowa we Wrocławiu,PL,Wrocław,2022,20260.0,reported_5_7_plus_observed_8,True,False,1480.0,reported_5_7_plus_observed_8,True,False,0.07305034550839092,106.63157894736842,
student_staff_ratio_above_100,PL0264.2022,PL0264,Wyższa Szkoła Biznesu - National Louis University z siedzibą w Nowym Sączu,PL,Nowy Sącz,2022,7465.0,reported_5_7_plus_observed_8,True,False,240.0,reported_5_7_plus_observed_8,True,False,0.032150033489618215,186.625,
student_staff_ratio_above_100,PL0292.2022,PL0292,Akademia Ekonomiczno-Humanistyczna w Warszawie,PL,Warszawa,2022,11545.0,reported_5_7_plus_observed_8,True,False,4730.0,reported_5_7_plus_observed_8,True,False,0.4097011693373755,104.95454545454545,
student_staff_ratio_above_100,PL0334.2022,PL0334,Wyższa Szkoła Bankowa w Warszawie,PL,Warszawa,2022,10105.0,reported_5_7_plus_observed_8,True,False,875.0,reported_5_7_plus_observed_8,True,False,0.08659079663532905,134.73333333333332,
student_staff_ratio_above_100,PL0370.2022,PL0370,Wyższa Szkoła Nauk o Zdrowiu w Bydgoszczy,PL,Bydgoszcz,2022,3235.0,reported_5_7_plus_observed_8,True,False,60.0,reported_5_7_plus_observed_8,True,False,0.01854714064914992,647.0,
student_staff_ratio_above_100,PL0373.2022,PL0373,Wyższa Szkoła Nauk Społecznych w Lublinie,PL,Lublin,2022,3055.0,reported_5_7_plus_observed_8,True,False,20.0,reported_5_7_plus_observed_8,True,False,0.006546644844517185,101.83333333333333,
student_staff_ratio_above_100,PL0471.2022,PL0471,Collegium Humanum - Szkoła Główna Menedżerska,PL,Warszawa,2022,15790.0,reported_5_7_plus_observed_8,True,False,1030.0,reported_5_7_plus_observed_8,True,False,0.06523115896136795,137.30434782608697,
student_staff_ratio_above_100,PL0474.2022,PL0474,Uczelnia Nauk Społecznych,PL,Łódź,2022,2535.0,reported_5_7_plus_observed_8,True,False,0.0,reported_5_7_plus_observed_8,True,False,0.0,169.0,
student_staff_ratio_above_100,UK0161.2022,UK0161,University of the Highlands and Islands,UK,Dunoon,2022,9655.0,reported_5_7_plus_observed_8,True,False,,missing,False,False,,128.73333333333332,14705.892822100395
student_staff_ratio_above_100,UK0253.2022,UK0253,Nelson College London Ltd,UK,Ilford,2022,1650.0,reported_5_7_plus_observed_8,True,False,,missing,False,False,,165.0,6996.620456827733
student_staff_ratio_above_100,DE0100.2021,DE0100,DIU-Dresden Intern. University GmbH Dresden (Priv. H),DE,Dresden,2021,1382.0,reported_5_7_plus_observed_8,True,False,252.0,reported_5_7_plus_observed_8,True,False,0.18234442836468887,138.2,4507.924406283628
student_staff_ratio_above_100,DE0213.2021,DE0213,SRH Fernhochschule Riedlingen,DE,Riedlingen,2021,7407.0,reported_5_7_plus_observed_8,True,False,699.0,reported_5_7_plus_observed_8,True,False,0.09437019036046983,105.81428571428572,1893.7052829640368
student_staff_ratio_above_100,DE0292.2021,DE0292,DIPLOMA Hochschule,DE,Bückeburg,2021,8596.0,reported_5_7_plus_observed_8,True,False,820.0,reported_5_7_plus_observed_8,True,False,0.09539320614239181,162.18867924528303,1353.2502712333742
student_staff_ratio_above_100,DE0320.2021,DE0320,IU Internationale Hochschule,DE,Bad Honnef,2021,88201.0,reported_5_7_plus_observed_8,True,False,12476.0,reported_5_7_plus_observed_8,True,False,0.14144964342807906,133.63787878787878,2288.8390404815746
student_staff_ratio_above_100,ES0067.2021,ES0067,Universidad Nacional de Educación a Distancia,ES,Madrid,2021,140237.0,reported_5_7_plus_observed_8,True,False,5427.0,reported_5_7_plus_observed_8,True,False,0.038698774217931074,121.97703748804035,
student_staff_ratio_above_100,ES0076.2021,ES0076,Universitat Oberta de Catalunya,ES,Barcelona,2021,72009.0,reported_5_7_plus_observed_8,True,False,4639.0,reported_5_7_plus_observed_8,True,False,0.06442250274271272,176.9958706125258,
student_staff_ratio_above_100,LT0031.2021,LT0031,Utenos kolegija,LT,Utena,2021,1595.0,reported_5_7_plus_observed_8,True,False,125.0,reported_5_7_plus_observed_8,True,False,0.07836990595611286,106.33333333333333,
student_staff_ratio_above_100,MT0009.2021,MT0009,Future Focus,MT,Floriana,2021,443.50000000000006,reported_5_7_plus_observed_8,True,False,13.1,reported_5_7_plus_observed_8,True,False,0.029537767756482522,110.87500000000001,2424.259935882457
student_staff_ratio_above_100,PL0173.2021,PL0173,Szkoła Wyższa im. Pawła Włodkowica w Płocku,PL,Płock,2021,4355.0,reported_5_7_plus_observed_8,True,False,0.0,reported_5_7_plus_observed_8,True,False,0.0,108.875,
student_staff_ratio_above_100,PL0216.2021,PL0216,Wyższa Szkoła Zarządzania i Przedsiębiorczości w Wałbrzychu,PL,Wałbrzych,2021,3335.0,reported_5_7_plus_observed_8,True,False,5.0,reported_5_7_plus_observed_8,True,False,0.0014992503748125937,133.4,
student_staff_ratio_above_100,PL0247.2021,PL0247,Wyższa Szkoła Bankowa w Gdańsku,PL,Gdańsk,2021,17885.0,reported_5_7_plus_observed_8,True,False,260.0,reported_5_7_plus_observed_8,True,False,0.01453732177802628,111.78125,
student_staff_ratio_above_100,PL0248.2021,PL0248,Wyższa Szkoła Bankowa w Poznaniu,PL,Poznań,2021,27670.0,reported_5_7_plus_observed_8,True,False,680.0,reported_5_7_plus_observed_8,True,False,0.024575352367184677,141.89743589743588,
student_staff_ratio_above_100,PL0249.2021,PL0249,Wyższa Szkoła Bankowa w Toruniu,PL,Toruń,2021,12290.0,reported_5_7_plus_observed_8,True,False,450.0,reported_5_7_plus_observed_8,True,False,0.03661513425549227,106.8695652173913,
student_staff_ratio_above_100,PL0250.2021,PL0250,Wyższa Szkoła Bankowa we Wrocławiu,PL,Wrocław,2021,20475.0,reported_5_7_plus_observed_8,True,False,1400.0,reported_5_7_plus_observed_8,True,False,0.06837606837606838,107.76315789473684,
student_staff_ratio_above_100,PL0264.2021,PL0264,Wyższa Szkoła Biznesu - National Louis University z siedzibą w Nowym Sączu,PL,Nowy Sącz,2021,4730.0,reported_5_7_plus_observed_8,True,False,95.0,reported_5_7_plus_observed_8,True,False,0.0200845665961945,135.14285714285714,
student_staff_ratio_above_100,PL0334.2021,PL0334,Wyższa Szkoła Bankowa w Warszawie,PL,Warszawa,2021,8510.0,reported_5_7_plus_observed_8,True,False,610.0,reported_5_7_plus_observed_8,True,False,0.07168037602820211,154.72727272727272,
student_staff_ratio_above_100,PL0373.2021,PL0373,Wyższa Szkoła Nauk Społecznych w Lublinie,PL,Lublin,2021,3510.0,reported_5_7_plus_observed_8,True,False,20.0,reported_5_7_plus_observed_8,True,False,0.005698005698005698,117.0,
student_staff_ratio_above_100,PL0398.2021,PL0398,Akademia Nauk Stosowanych Wincentego Pola w Lublinie,PL,Lublin,2021,10650.0,reported_5_7_plus_observed_8,True,False,1875.0,reported_5_7_plus_observed_8,True,False,0.176056338028169,112.10526315789474,
student_staff_ratio_above_100,PL0471.2021,PL0471,Collegium Humanum - Szkoła Główna Menedżerska,PL,Warszawa,2021,11355.0,reported_5_7_plus_observed_8,True,False,1045.0,reported_5_7_plus_observed_8,True,False,0.09202994275649494,162.21428571428572,
student_staff_ratio_above_100,UK0161.2021,UK0161,University of the Highlands and Islands,UK,Dunoon,2021,10005.0,reported_5_7_plus_observed_8,True,False,,missing,False,False,,133.4,14443.992864154563
student_staff_ratio_above_100,UK0253.2021,UK0253,Nelson College London Ltd,UK,Ilford,2021,1630.0,reported_5_7_plus_observed_8,True,False,,missing,False,False,,163.0,5296.755184607187
student_staff_ratio_above_100,AT0075.2020,AT0075,Central European University Private University,AT,Vienna,2020,922.333333333,reported_5_7_plus_observed_8,True,False,891.333333333,reported_5_7_plus_observed_8,True,False,0.9663895916154559,303.3991228069079,
student_staff_ratio_above_100,DE0076.2020,DE0076,Fernuniversität in Hagen,DE,Hagen,2020,68979.0,reported_5_7_plus_observed_8,True,False,6503.0,reported_5_7_plus_observed_8,True,False,0.09427506922396671,110.01435406698565,1455.3412794910764
student_staff_ratio_above_100,DE0100.2020,DE0100,DIU-Dresden Intern. University GmbH Dresden (Priv. H),DE,Dresden,2020,1631.0,reported_5_7_plus_observed_8,True,False,336.0,reported_5_7_plus_observed_8,True,False,0.20600858369098712,148.27272727272728,4064.8671782846263
student_staff_ratio_above_100,DE0213.2020,DE0213,SRH Fernhochschule Riedlingen,DE,Riedlingen,2020,6273.0,reported_5_7_plus_observed_8,True,False,535.0,reported_5_7_plus_observed_8,True,False,0.08528614697911685,112.01785714285714,1801.5278512752352
student_staff_ratio_above_100,DE0215.2020,DE0215,"AKAD, Fachhochschule Stuttgart (Priv. Fern-FH für Berufstätige)",DE,Stuttgart,2020,5532.0,reported_5_7_plus_observed_8,True,False,321.0,reported_5_7_plus_observed_8,True,False,0.05802603036876356,251.45454545454547,2308.0191752708115
student_staff_ratio_above_100,DE0292.2020,DE0292,DIPLOMA Hochschule,DE,Bückeburg,2020,7833.0,reported_5_7_plus_observed_8,True,False,751.0,reported_5_7_plus_observed_8,True,False,0.09587642027320312,150.6346153846154,1343.012405483349
student_staff_ratio_above_100,DE0304.2020,DE0304,PFH - Private Hochschule Göttingen,DE,Göttingen,2020,4226.0,reported_5_7_plus_observed_8,True,False,253.0,reported_5_7_plus_observed_8,True,False,0.05986748698532891,128.06060606060606,3057.164166583735
student_staff_ratio_above_100,DE0320.2020,DE0320,IUBH Internationale Hochschule,DE,Bad Honnef,2020,56806.0,reported_5_7_plus_observed_8,True,False,7742.0,reported_5_7_plus_observed_8,True,False,0.13628842023729887,191.91216216216216,2150.520333898377
student_staff_ratio_above_100,ES0067.2020,ES0067,Universidad Nacional de Educación a Distancia,ES,Madrid,2020,151376.0,reported_5_7_plus_observed_8,True,False,5628.0,reported_5_7_plus_observed_8,True,False,0.03717894514321953,132.06539756765716,
student_staff_ratio_above_100,ES0076.2020,ES0076,Universitat Oberta de Catalunya,ES,Barcelona,2020,66488.0,reported_5_7_plus_observed_8,True,False,4002.0,reported_5_7_plus_observed_8,True,False,0.060191312718084464,173.12479386185692,
student_staff_ratio_above_100,PL0168.2020,PL0168,Szczecińska Szkoła Wyższa Collegium Balticum,PL,Szczecin,2020,3185.0,reported_5_7_plus_observed_8,True,False,0.0,reported_5_7_plus_observed_8,True,False,0.0,106.16666666666667,
student_staff_ratio_above_100,PL0216.2020,PL0216,Wyższa Szkoła Zarządzania i Przedsiębiorczości w Wałbrzychu,PL,Wałbrzych,2020,2850.0,reported_5_7_plus_observed_8,True,False,5.0,reported_5_7_plus_observed_8,True,False,0.0017543859649122807,114.0,
student_staff_ratio_above_100,PL0247.2020,PL0247,Wyższa Szkoła Bankowa w Gdańsku,PL,Gdańsk,2020,16385.0,reported_5_7_plus_observed_8,True,False,725.0,reported_5_7_plus_observed_8,True,False,0.04424778761061947,113.0,
student_staff_ratio_above_100,PL0248.2020,PL0248,Wyższa Szkoła Bankowa w Poznaniu,PL,Poznań,2020,25360.0,reported_5_7_plus_observed_8,True,False,825.0,reported_5_7_plus_observed_8,True,False,0.03253154574132492,130.05128205128204,
student_staff_ratio_above_100,PL0249.2020,PL0249,Wyższa Szkoła Bankowa w Toruniu,PL,Toruń,2020,12005.0,reported_5_7_plus_observed_8,True,False,385.0,reported_5_7_plus_observed_8,True,False,0.03206997084548105,109.13636363636364,
student_staff_ratio_above_100,PL0250.2020,PL0250,Wyższa Szkoła Bankowa we Wrocławiu,PL,Wrocław,2020,20145.0,reported_5_7_plus_observed_8,True,False,1400.0,reported_5_7_plus_observed_8,True,False,0.06949615289153636,108.89189189189189,
student_staff_ratio_above_100,PL0334.2020,PL0334,Wyższa Szkoła Bankowa w Warszawie,PL,Warszawa,2020,5640.0,reported_5_7_plus_observed_8,True,False,270.0,reported_5_7_plus_observed_8,True,False,0.047872340425531915,125.33333333333333,
student_staff_ratio_above_100,PL0398.2020,PL0398,Wyższa Szkoła Społeczno-Przyrodnicza im. Wincentego Pola w Lublinie,PL,Lublin,2020,8265.0,reported_5_7_plus_observed_8,True,False,1245.0,reported_5_7_plus_observed_8,True,False,0.15063520871143377,137.75,
student_staff_ratio_above_100,PL0436.2020,PL0436,Uczelnia Techniczno-Handlowa im. Heleny Chodkowskiej w Warszawie,PL,Warszawa,2020,5795.0,reported_5_7_plus_observed_8,True,False,135.0,reported_5_7_plus_observed_8,True,False,0.023295944779982744,115.9,
student_staff_ratio_above_100,PL0471.2020,PL0471,Collegium Humanum - Szkoła Główna Menedżerska,PL,Warszawa,2020,6160.0,reported_5_7_plus_observed_8,True,False,1555.0,reported_5_7_plus_observed_8,True,False,0.25243506493506496,176.0,
student_staff_ratio_above_100,UK0161.2020,UK0161,University of the Highlands and Islands,UK,Dunoon,2020,10410.0,reported_5_7_plus_observed_8,True,False,,missing,False,False,,122.47058823529412,14146.503536921706
student_staff_ratio_above_100,UK0190.2020,UK0190,Arden University,UK,Conventry,2020,11760.0,reported_5_7_plus_observed_8,True,False,,missing,False,False,,117.6,2863.0365225698056
student_staff_ratio_above_100,UK0228.2020,UK0228,Bloomsbury Institute,UK,London,2020,970.0,component_sum_5_8_observed,True,True,,missing,False,False,,194.0,5629.894599221751
student_staff_ratio_above_100,UK0253.2020,UK0253,Nelson College London Ltd,UK,Ilford,2020,1465.0,reported_5_7_plus_observed_8,True,False,,missing,False,False,,293.0,4895.451644285513
student_staff_ratio_above_100,DE0076.2019,DE0076,Fernuniversität in Hagen,DE,Hagen,2019,67859.0,reported_5_7_plus_observed_8,True,False,6364.0,reported_5_7_plus_observed_8,True,False,0.0937826964735702,115.603066439523,1457.2516558371035
student_staff_ratio_above_100,DE0215.2019,DE0215,"AKAD, Fachhochschule Stuttgart (Priv. Fern-FH für Berufstätige)",DE,Stuttgart,2019,5241.0,reported_5_7_plus_observed_8,True,False,281.0,reported_5_7_plus_observed_8,True,False,0.053615722190421676,249.57142857142858,2384.386091136664
student_staff_ratio_above_100,DE0304.2019,DE0304,PFH - Private Hochschule Göttingen,DE,Göttingen,2019,3532.0,reported_5_7_plus_observed_8,True,False,223.0,reported_5_7_plus_observed_8,True,False,0.06313703284258211,107.03030303030303,3657.2238717357036
student_staff_ratio_above_100,DE0320.2019,DE0320,IUBH Internationale Hochschule,DE,Bad Honnef,2019,30679.0,reported_5_7_plus_observed_8,True,False,4223.0,reported_5_7_plus_observed_8,True,False,0.13765116203266078,177.33526011560693,
student_staff_ratio_above_100,ES0067.2019,ES0067,Universidad Nacional de Educación a Distancia,ES,Madrid,2019,137222.0,reported_5_7_plus_observed_8,True,False,5252.0,reported_5_7_plus_observed_8,True,False,0.038273746192301526,123.28356063464683,
student_staff_ratio_above_100,ES0076.2019,ES0076,Universitat Oberta de Catalunya,ES,Barcelona,2019,62916.0,reported_5_7_plus_observed_8,True,False,3682.0,reported_5_7_plus_observed_8,True,False,0.058522474410324876,172.48917076380403,
student_staff_ratio_above_100,PL0248.2019,PL0248,Wyższa Szkoła Bankowa w Poznaniu,PL,Poznań,2019,19355.0,reported_5_7_plus_observed_8,True,False,735.0,reported_5_7_plus_observed_8,True,False,0.0379746835443038,101.86842105263158,
student_staff_ratio_above_100,PL0250.2019,PL0250,Wyższa Szkoła Bankowa we Wrocławiu,PL,Wrocław,2019,16700.0,reported_5_7_plus_observed_8,True,False,1260.0,reported_5_7_plus_observed_8,True,False,0.07544910179640718,104.375,
student_staff_ratio_above_100,PL0436.2019,PL0436,Uczelnia Techniczno-Handlowa im. Heleny Chodkowskiej w Warszawie,PL,Warszawa,2019,5250.0,reported_5_7_plus_observed_8,True,False,120.0,reported_5_7_plus_observed_8,True,False,0.022857142857142857,116.66666666666667,
student_staff_ratio_above_100,UK0161.2019,UK0161,University of the Highlands and Islands,UK,Dunoon,2019,9900.0,reported_5_7_plus_observed_8,True,False,,missing,False,False,,110.0,14235.787683075598
student_staff_ratio_above_100,UK0190.2019,UK0190,Arden University,UK,Conventry,2019,6245.0,reported_5_7_plus_observed_8,True,False,,missing,False,False,,113.54545454545455,3892.5910796135568
student_staff_ratio_above_100,UK0253.2019,UK0253,Nelson College London Ltd,UK,Ilford,2019,1140.0,component_sum_5_8_observed,True,True,,missing,False,False,,228.0,5234.277360472516
student_staff_ratio_above_100,CZ0080.2018,CZ0080,Ambis Vysoká škola,CZ,Prague,2018,3817.0,reported_5_7_plus_observed_8,True,False,339.0,reported_5_7_plus_observed_8,True,False,0.0888132040869793,137.85755561976308,
student_staff_ratio_above_100,DE0076.2018,DE0076,Fernuniversität in Hagen,DE,Hagen,2018,67960.0,reported_5_7_plus_observed_8,True,False,6485.0,reported_5_7_plus_observed_8,True,False,0.09542377869334903,117.78162911611786,1422.1854930730794
student_staff_ratio_above_100,DE0100.2018,DE0100,DIU-Dresden Intern. University GmbH Dresden (Priv. H),DE,Dresden,2018,2096.0,reported_5_7_plus_observed_8,True,False,549.0,reported_5_7_plus_observed_8,True,False,0.2619274809160305,104.8,2938.8872179847813
student_staff_ratio_above_100,DE0215.2018,DE0215,"AKAD, Fachhochschule Stuttgart (Priv. Fern-FH für Berufstätige)",DE,Stuttgart,2018,5098.0,reported_5_7_plus_observed_8,True,False,261.0,reported_5_7_plus_observed_8,True,False,0.051196547665751276,242.76190476190476,2346.9590682020876
student_staff_ratio_above_100,DE0304.2018,DE0304,PFH - Private Hochschule Göttingen,DE,Göttingen,2018,3399.0,reported_5_7_plus_observed_8,True,False,194.0,reported_5_7_plus_observed_8,True,False,0.05707561047366873,117.20689655172414,2486.466667506537
student_staff_ratio_above_100,DE0320.2018,DE0320,IUBH Internationale Hochschule,DE,Bad Honnef,2018,22264.0,reported_5_7_plus_observed_8,True,False,3174.0,reported_5_7_plus_observed_8,True,False,0.14256198347107438,168.66666666666666,
student_staff_ratio_above_100,ES0067.2018,ES0067,Universidad Nacional de Educación a Distancia,ES,Madrid,2018,140784.0,reported_5_7_plus_observed_8,True,False,5221.0,reported_5_7_plus_observed_8,True,False,0.037085180134106145,129.79311870782166,
student_staff_ratio_above_100,ES0075.2018,ES0075,Universitat Internacional Valenciana (VIU),ES,València,2018,8240.0,reported_5_7_plus_observed_8,True,False,811.0,reported_5_7_plus_observed_8,True,False,0.09842233009708738,115.60044893378226,
student_staff_ratio_above_100,ES0076.2018,ES0076,Universitat Oberta de Catalunya,ES,Barcelona,2018,58028.0,reported_5_7_plus_observed_8,True,False,2837.0,reported_5_7_plus_observed_8,True,False,0.048890190942303714,175.98178759745076,
student_staff_ratio_above_100,PL0367.2018,PL0367,Wyższa Szkoła Menedżerska w Warszawie,PL,Warszawa,2018,4290.0,reported_5_7_plus_observed_8,True,False,805.0,reported_5_7_plus_observed_8,True,False,0.18764568764568765,107.25,
student_staff_ratio_above_100,PL0436.2018,PL0436,Uczelnia Techniczno-Handlowa im. Heleny Chodkowskiej w Warszawie,PL,Warszawa,2018,4555.0,reported_5_7_plus_observed_8,True,False,100.0,reported_5_7_plus_observed_8,True,False,0.021953896816684963,182.2,
student_staff_ratio_above_100,PL0439.2018,PL0439,Wyższa Szkoła Zarządzania Ochroną Pracy w Katowicach,PL,Katowice,2018,1730.0,reported_5_7_plus_observed_8,True,False,15.0,reported_5_7_plus_observed_8,True,False,0.008670520231213872,173.0,
student_staff_ratio_above_100,PL0459.2018,PL0459,Zachodniopomorski Uniwersytet Technologiczny w Szczecinie,PL,Szczecin,2018,8095.0,reported_5_7_plus_observed_8,True,False,155.0,reported_5_7_plus_observed_8,True,False,0.019147621988882025,202.375,10226.29803157213
student_staff_ratio_above_100,UK0161.2018,UK0161,University of the Highlands and Islands,UK,Dunoon,2018,9530.0,reported_5_7_plus_observed_8,True,False,,missing,False,False,,119.125,15069.543737337694
student_staff_ratio_above_100,CZ0056.2017,CZ0056,"Filmová akademi Miroslava Ondříčka v Písku, o.p.s.",CZ,Písek,2017,135.0,reported_5_7_plus_observed_8,True,False,14.0,reported_5_7_plus_observed_8,True,False,0.1037037037037037,135.0,
student_staff_ratio_above_100,DE0076.2017,DE0076,Fernuniversität in Hagen,DE,Hagen,2017,67983.0,reported_5_7_plus_observed_8,True,False,6439.0,reported_5_7_plus_observed_8,True,False,0.09471485518438433,116.2102564102564,1346.7266676160932
student_staff_ratio_above_100,DE0100.2017,DE0100,DIU-Dresden Intern. University GmbH Dresden (Priv. H),DE,Dresden,2017,1847.0,reported_5_7_plus_observed_8,True,False,502.0,reported_5_7_plus_observed_8,True,False,0.2717920952896589,115.4375,3001.9592030187614
student_staff_ratio_above_100,DE0215.2017,DE0215,"AKAD, Fachhochschule Stuttgart (Priv. Fern-FH für Berufstätige)",DE,Stuttgart,2017,4908.0,reported_5_7_plus_observed_8,True,False,256.0,reported_5_7_plus_observed_8,True,False,0.05215973920130399,204.5,2415.674266505547
student_staff_ratio_above_100,DE0304.2017,DE0304,PFH - Private Hochschule Göttingen,DE,Göttingen,2017,3140.0,reported_5_7_plus_observed_8,True,False,165.0,reported_5_7_plus_observed_8,True,False,0.052547770700636945,136.52173913043478,2553.226684743628
student_staff_ratio_above_100,DE0320.2017,DE0320,IUBH Internationale Hochschule,DE,Bad Honnef,2017,16611.0,reported_5_7_plus_observed_8,True,False,2373.0,reported_5_7_plus_observed_8,True,False,0.14285714285714285,180.55434782608697,
student_staff_ratio_above_100,DE0396.2017,DE0396,Kommunale Hochschule für Verwaltung in Niedersachsen,DE,Hannover,2017,1154.0,reported_5_7_plus_observed_8,True,False,1.0,reported_5_7_plus_observed_8,True,False,0.0008665511265164644,104.9090909090909,4047.883842669543
student_staff_ratio_above_100,ES0067.2017,ES0067,Universidad Nacional de Educación a Distancia,ES,Madrid,2017,139973.0,reported_5_7_plus_observed_8,True,False,5053.0,reported_5_7_plus_observed_8,True,False,0.03609981925085552,127.35237921936131,
student_staff_ratio_above_100,ES0075.2017,ES0075,Universitat Internacional Valenciana (VIU),ES,València,2017,6490.0,reported_5_7_plus_observed_8,True,False,528.0,reported_5_7_plus_observed_8,True,False,0.08135593220338982,156.3855421686747,
student_staff_ratio_above_100,ES0076.2017,ES0076,Universitat Oberta de Catalunya,ES,Barcelona,2017,53558.0,reported_5_7_plus_observed_8,True,False,2109.0,reported_5_7_plus_observed_8,True,False,0.03937787071959371,172.0075794071362,
student_staff_ratio_above_100,UK0161.2017,UK0161,University of the Highlands and Islands,UK,Dunoon,2017,9320.0,reported_5_7_plus_observed_8,True,False,,missing,False,False,,133.14285714285714,13280.16927927478
student_staff_ratio_above_100,DE0076.2016,DE0076,Fernuniversität in Hagen,DE,Hagen,2016,68425.0,reported_5_7_plus_observed_8,True,False,6850.0,reported_5_7_plus_observed_8,True,False,0.10010960906101571,121.10619469026548,1314.1629615257332
student_staff_ratio_above_100,DE0100.2016,DE0100,DIU-Dresden Intern. University GmbH Dresden (Priv. H),DE,Dresden,2016,2190.0,reported_5_7_plus_observed_8,True,False,750.0,reported_5_7_plus_observed_8,True,False,0.3424657534246575,146.0,2335.847985631425
student_staff_ratio_above_100,DE0215.2016,DE0215,"AKAD, Fachhochschule Stuttgart (Priv. Fern-FH für Berufstätige)",DE,Stuttgart,2016,4855.0,reported_5_7_plus_observed_8,True,False,260.0,reported_5_7_plus_observed_8,True,False,0.053553038105046344,138.71428571428572,2451.5416167278304
student_staff_ratio_above_100,DE0276.2016,DE0276,Europäische Fernhochschule Hamburg GmbH Hamburg (Priv. FH),DE,Hamburg,2016,7025.0,reported_5_7_plus_observed_8,True,False,5.0,reported_5_7_plus_observed_8,True,False,0.0007117437722419929,100.35714285714286,2091.251590098022
student_staff_ratio_above_100,DE0292.2016,DE0292,DIPLOMA Hochschule,DE,Bückeburg,2016,5180.0,reported_5_7_plus_observed_8,True,False,355.0,reported_5_7_plus_observed_8,True,False,0.06853281853281853,172.66666666666666,1336.2354057731743
student_staff_ratio_above_100,DE0304.2016,DE0304,PFH - Private Hochschule Göttingen,DE,Göttingen,2016,2840.0,reported_5_7_plus_observed_8,True,False,135.0,reported_5_7_plus_observed_8,True,False,0.04753521126760563,113.6,2067.9586824647213
student_staff_ratio_above_100,DE0320.2016,DE0320,IUBH Internationale Hochschule,DE,Bad Honnef,2016,9880.0,reported_5_7_plus_observed_8,True,False,1660.0,reported_5_7_plus_observed_8,True,False,0.1680161943319838,152.0,3829.484606087493
student_staff_ratio_above_100,ES0067.2016,ES0067,Universidad Nacional de Educación a Distancia,ES,Madrid,2016,147400.0,reported_5_7_plus_observed_8,True,False,5095.0,reported_5_7_plus_observed_8,True,False,0.034565807327001354,129.86784140969164,
student_staff_ratio_above_100,ES0075.2016,ES0075,Universitat Internacional Valenciana (VIU),ES,València,2016,5090.0,reported_5_7_plus_observed_8,True,False,400.0,reported_5_7_plus_observed_8,True,False,0.07858546168958742,203.6,
student_staff_ratio_above_100,ES0076.2016,ES0076,Universitat Oberta de Catalunya,ES,Barcelona,2016,47725.0,reported_5_7_plus_observed_8,True,False,1515.0,reported_5_7_plus_observed_8,True,False,0.03174436877946569,136.35714285714286,
student_staff_ratio_above_100,GR0011.2016,GR0011,Πανεπιστήμιο Πειραιώς,GR,Athens,2016,24980.0,reported_5_7_plus_observed_8,True,False,1255.0,reported_5_7_plus_observed_8,True,False,0.05024019215372298,113.54545454545455,
student_staff_ratio_above_100,PL0465.2016,PL0465,Wyższa Szkoła Teologiczno-Humanistyczna im. Michała Beliny-Czechowskiego w Podkowie Leśnej,PL,Podkowa Leśna,2016,1370.0,reported_5_7_plus_observed_8,True,False,0.0,reported_5_7_plus_observed_8,True,False,0.0,137.0,
student_staff_ratio_above_100,UK0161.2016,UK0161,University of the Highlands and Islands,UK,Dunoon,2016,8720.0,reported_5_7_plus_observed_8,True,False,875.0,reported_5_7_plus_observed_8,True,False,0.1003440366972477,218.0,12641.31203679372
student_staff_ratio_above_100,CZ0045.2015,CZ0045,"Vysoká škola ekonomie a managementu, o.p.s.",CZ,Prague,2015,2305.0,reported_5_7_plus_observed_8,True,False,200.0,reported_5_7_plus_observed_8,True,False,0.08676789587852494,115.25,
student_staff_ratio_above_100,DE0076.2015,DE0076,Fernuniversität in Hagen,DE,Hagen,2015,69255.0,reported_5_7_plus_observed_8,True,False,6985.0,reported_5_7_plus_observed_8,True,False,0.100859143744134,120.44347826086957,1249.63836977206
student_staff_ratio_above_100,DE0100.2015,DE0100,DIU-Dresden Intern. University GmbH Dresden (Priv. H),DE,Dresden,2015,2555.0,reported_5_7_plus_observed_8,True,False,820.0,reported_5_7_plus_observed_8,True,False,0.32093933463796476,170.33333333333334,1963.412693932039
student_staff_ratio_above_100,DE0215.2015,DE0215,"AKAD, Fachhochschule Stuttgart (Priv. Fern-FH für Berufstätige)",DE,Stuttgart,2015,4865.0,reported_5_7_plus_observed_8,True,False,235.0,reported_5_7_plus_observed_8,True,False,0.048304213771839674,108.11111111111111,2194.946339615155
student_staff_ratio_above_100,DE0292.2015,DE0292,DIPLOMA Hochschule,DE,Bückeburg,2015,4795.0,reported_5_7_plus_observed_8,True,False,320.0,reported_5_7_plus_observed_8,True,False,0.0667361835245047,137.0,1435.2822868588491
student_staff_ratio_above_100,DE0304.2015,DE0304,PFH - Private Hochschule Göttingen,DE,Göttingen,2015,2775.0,reported_5_7_plus_observed_8,True,False,115.0,reported_5_7_plus_observed_8,True,False,0.04144144144144144,138.75,2741.0001067248477
student_staff_ratio_above_100,DE0320.2015,DE0320,Internationale Hochschule Bad Honnef-Bonn (Priv. FH),DE,Bad Honnef,2015,7695.0,reported_5_7_plus_observed_8,True,False,1215.0,reported_5_7_plus_observed_8,True,False,0.15789473684210525,153.9,2573.4932968253106
student_staff_ratio_above_100,ES0067.2015,ES0067,Universidad Nacional de Educación a Distancia,ES,Madrid,2015,156200.0,reported_5_7_plus_observed_8,True,False,6040.0,reported_5_7_plus_observed_8,True,False,0.038668373879641484,130.16666666666666,
student_staff_ratio_above_100,ES0075.2015,ES0075,Universitat Internacional Valenciana (VIU),ES,València,2015,3610.0,reported_5_7_plus_observed_8,True,False,270.0,reported_5_7_plus_observed_8,True,False,0.07479224376731301,144.4,
student_staff_ratio_above_100,ES0076.2015,ES0076,Universitat Oberta de Catalunya,ES,Barcelona,2015,42965.0,reported_5_7_plus_observed_8,True,False,1340.0,reported_5_7_plus_observed_8,True,False,0.031188176422669616,134.265625,
student_staff_ratio_above_100,PL0465.2015,PL0465,Wyższa Szkoła Teologiczno-Humanistyczna im. Michała Beliny-Czechowskiego w Podkowie Leśnej,PL,Podkowa Leśna,2015,1245.0,reported_5_7_plus_observed_8,True,False,0.0,reported_5_7_plus_observed_8,True,False,0.0,124.5,
student_staff_ratio_above_100,UK0161.2015,UK0161,University of the Highlands and Islands,UK,Dunoon,2015,8415.0,reported_5_7_plus_observed_8,True,False,795.0,reported_5_7_plus_observed_8,True,False,0.0944741532976827,240.42857142857142,12539.251152175406
student_staff_ratio_above_100,CZ0045.2014,CZ0045,"Vysoká škola ekonomie a managementu, o.p.s.",CZ,Prague,2014,2285.0,reported_5_7_plus_observed_8,True,False,200.0,reported_5_7_plus_observed_8,True,False,0.087527352297593,114.25,
student_staff_ratio_above_100,DE0076.2014,DE0076,Fernuniversität in Hagen,DE,Hagen,2014,70630.0,reported_5_7_plus_observed_8,True,False,6940.0,reported_5_7_plus_observed_8,True,False,0.09825853036953136,132.01869158878506,1203.2524255020553
student_staff_ratio_above_100,DE0100.2014,DE0100,DIU-Dresden Intern. University GmbH Dresden (Priv. H),DE,Dresden,2014,2365.0,reported_5_7_plus_observed_8,True,False,985.0,reported_5_7_plus_observed_8,True,False,0.4164904862579281,118.25,1973.8048187178629
student_staff_ratio_above_100,DE0276.2014,DE0276,Europäische Fernhochschule Hamburg GmbH Hamburg (Priv. FH),DE,Hamburg,2014,6830.0,reported_5_7_plus_observed_8,True,False,15.0,reported_5_7_plus_observed_8,True,False,0.0021961932650073207,105.07692307692308,1392.2963056898932
student_staff_ratio_above_100,DE0304.2014,DE0304,PFH - Private Hochschule Göttingen,DE,Göttingen,2014,2305.0,reported_5_7_plus_observed_8,True,False,65.0,reported_5_7_plus_observed_8,True,False,0.028199566160520606,115.25,3361.5367479905235
student_staff_ratio_above_100,DE0320.2014,DE0320,Internationale Hochschule Bad Honnef-Bonn (Priv. FH),DE,Bad Honnef,2014,8125.0,reported_5_7_plus_observed_8,True,False,1030.0,reported_5_7_plus_observed_8,True,False,0.12676923076923077,180.55555555555554,2160.7411736109266
student_staff_ratio_above_100,ES0067.2014,ES0067,Universidad Nacional de Educación a Distancia,ES,Madrid,2014,158945.0,reported_5_7_plus_observed_8,True,False,5230.0,reported_5_7_plus_observed_8,True,False,0.03290446380823555,128.18145161290323,
student_staff_ratio_above_100,ES0075.2014,ES0075,Universitat Internacional Valenciana (VIU),ES,València,2014,2205.0,reported_5_7_plus_observed_8,True,False,105.0,reported_5_7_plus_observed_8,True,False,0.047619047619047616,110.25,
student_staff_ratio_above_100,ES0076.2014,ES0076,Universitat Oberta de Catalunya,ES,Barcelona,2014,39285.0,reported_5_7_plus_observed_8,True,False,1155.0,reported_5_7_plus_observed_8,True,False,0.02940053455517373,157.14,
student_staff_ratio_above_100,PL0465.2014,PL0465,Wyższa Szkoła Teologiczno-Humanistyczna im. Michała Beliny-Czechowskiego w Podkowie Leśnej,PL,Podkowa Leśna,2014,1085.0,reported_5_7_plus_observed_8,True,False,0.0,reported_5_7_plus_observed_8,True,False,0.0,108.5,
student_staff_ratio_above_100,UK0161.2014,UK0161,University of the Highlands and Islands,UK,Dunoon,2014,7855.0,reported_5_7_plus_observed_8,True,False,700.0,reported_5_7_plus_observed_8,True,False,0.08911521323997454,224.42857142857142,12950.527990830053
student_staff_ratio_below_1,IT0140.2023,IT0140,"Accademia Nazionale di Arte Drammatica di ROMA ""Silvio d'Amico""",IT,Rome,2023,115.0,reported_5_7_plus_observed_8,True,False,5.0,reported_5_7_plus_observed_8,True,False,0.043478260869565216,0.8518518518518519,
student_staff_ratio_below_1,IT0152.2023,IT0152,"Conservatorio di CASTELFRANCO VENETO (TV) ""Agostino Steffani""",IT,Castelfranco Veneto,2023,325.0,reported_5_7_plus_observed_8,True,False,5.0,reported_5_7_plus_observed_8,True,False,0.015384615384615385,0.8125,
student_staff_ratio_below_1,UK0021.2023,UK0021,The Institute of Cancer Research,UK,London,2023,350.0,component_sum_5_8_observed,True,False,,missing,False,False,,0.546875,270677.40253847005
student_staff_ratio_below_1,NL0014.2022,NL0014,Open Universiteit,NL,Heerlen,2022,65.0,component_sum_5_8_observed,True,True,0.0,component_sum_5_8_observed,False,True,0.0,0.20967741935483872,1191510.642953146
student_staff_ratio_below_1,UK0021.2022,UK0021,The Institute of Cancer Research,UK,London,2022,375.0,reported_5_7_plus_observed_8,True,False,,missing,False,False,,0.5597014925373134,329084.4862157832
student_staff_ratio_below_1,NL0014.2021,NL0014,Open Universiteit,NL,Heerlen,2021,62.0,component_sum_5_8_observed,True,True,0.0,component_sum_5_8_observed,False,True,0.0,0.22627737226277372,1033534.5126604231
student_staff_ratio_below_1,UK0021.2021,UK0021,The Institute of Cancer Research,UK,London,2021,365.0,reported_5_7_plus_observed_8,True,False,,missing,False,False,,0.5615384615384615,408377.7074480063
student_staff_ratio_below_1,AT0803.2020,AT0803,Gustav Mahler Privatuniversität für Musik,AT,Klagenfurt,2020,173.66666666700002,reported_5_7_plus_observed_8,True,False,105.666666667,reported_5_7_plus_observed_8,True,False,0.60844529750555,0.9768078444625683,
student_staff_ratio_below_1,AT0804.2020,AT0804,Bertha von Suttner Privatuniversität,AT,St. Pölten,2020,63.5,reported_5_7_plus_observed_8,True,False,3.0,reported_5_7_plus_observed_8,True,False,0.047244094488188976,0.9327262044653349,
student_staff_ratio_below_1,NL0014.2020,NL0014,Open Universiteit,NL,Heerlen,2020,46.0,component_sum_5_8_observed,True,True,0.0,component_sum_5_8_observed,False,True,0.0,0.17898832684824903,1269428.2428935193
student_staff_ratio_below_1,UK0021.2020,UK0021,The Institute of Cancer Research,UK,London,2020,305.0,reported_5_7_plus_observed_8,True,False,,missing,False,False,,0.4621212121212121,378769.3146499575
student_staff_ratio_below_1,CY0002.2019,CY0002,Ανοικτό Πανεπιστήμιο Κύπρου,CY,Latsia,2019,66.0,component_sum_5_8_observed,True,True,44.0,component_sum_5_8_observed,True,True,0.6666666666666666,0.5116279069767442,172854.68357260694
student_staff_ratio_below_1,NL0014.2019,NL0014,Open Universiteit,NL,Heerlen,2019,47.0,component_sum_5_8_observed,True,True,0.0,component_sum_5_8_observed,False,True,0.0,0.18359375,1176749.1592136996
student_staff_ratio_below_1,UK0021.2019,UK0021,The Institute of Cancer Research,UK,London,2019,280.0,reported_5_7_plus_observed_8,True,False,,missing,False,False,,0.42424242424242425,331187.43539760384
student_staff_ratio_below_1,NL0014.2018,NL0014,Open Universiteit,NL,Heerlen,2018,42.0,component_sum_5_8_observed,True,True,,missing,False,False,,0.16091954022988506,1327938.7639884225
student_staff_ratio_below_1,PL0460.2018,PL0460,Akademia Sztuki w Szczecinie,PL,Szczecin,2018,705.0,reported_5_7_plus_observed_8,True,False,15.0,reported_5_7_plus_observed_8,True,False,0.02127659574468085,0.8294117647058824,15719.308599968492
student_staff_ratio_below_1,UK0021.2018,UK0021,The Institute of Cancer Research,UK,London,2018,265.0,reported_5_7_plus_observed_8,True,False,,missing,False,False,,0.42063492063492064,510008.6718069899
student_staff_ratio_below_1,NL0014.2017,NL0014,Open Universiteit,NL,Heerlen,2017,38.0,component_sum_5_8_observed,True,True,0.0,component_sum_5_8_observed,False,True,0.0,0.16101694915254236,1366978.9649323095
student_staff_ratio_below_1,UK0021.2017,UK0021,The Institute of Cancer Research,UK,London,2017,290.0,reported_5_7_plus_observed_8,True,False,,missing,False,False,,0.453125,372219.74312526884
student_staff_ratio_below_1,BG0060.2016,BG0060,Европейски политехнически университет - Перник,BG,Pernik,2016,40.0,reported_5_7_plus_observed_8,True,False,35.0,reported_5_7_plus_observed_8,True,False,0.875,0.5,
student_staff_ratio_below_1,DE0106.2016,DE0106,Universität Lübeck,DE,Lübeck,2016,225.0,component_sum_5_8_observed,True,True,40.0,component_sum_5_8_observed,True,True,0.17777777777777778,0.9183673469387755,191423.11731357733
student_staff_ratio_below_1,NL0014.2016,NL0014,Open Universiteit,NL,Heerlen,2016,30.0,component_sum_5_8_observed,True,True,,missing,False,False,,0.13043478260869565,1652243.015954799
student_staff_ratio_below_1,UK0021.2016,UK0021,The Institute of Cancer Research,UK,London,2016,275.0,reported_5_7_plus_observed_8,True,False,85.0,reported_5_7_plus_observed_8,True,False,0.3090909090909091,0.4330708661417323,376248.6613052235
student_staff_ratio_below_1,NL0014.2015,NL0014,Open Universiteit,NL,Heerlen,2015,40.0,component_sum_5_8_observed,True,True,,missing,False,False,,0.1702127659574468,1292244.0501025307
student_staff_ratio_below_1,UK0021.2015,UK0021,The Institute of Cancer Research,UK,London,2015,275.0,reported_5_7_plus_observed_8,True,False,80.0,reported_5_7_plus_observed_8,True,False,0.2909090909090909,0.44,394974.41885795386
student_staff_ratio_below_1,NL0014.2014,NL0014,Open Universiteit,NL,Heerlen,2014,50.0,component_sum_5_8_observed,True,True,,missing,False,False,,0.2222222222222222,1075149.3238333245
student_staff_ratio_below_1,UK0021.2014,UK0021,The Institute of Cancer Research,UK,London,2014,300.0,reported_5_7_plus_observed_8,True,False,75.0,reported_5_7_plus_observed_8,True,False,0.25,0.4838709677419355,325042.5621653905
expenditure_per_student_ppp_above_200k,FR0200.2023,FR0200,Muséum national d'histoire naturelle,FR,Paris,2023,278.0,reported_5_7_only,False,False,29.0,reported_5_7_only,False,False,0.10431654676258993,,336596.2606882183
expenditure_per_student_ppp_above_200k,FR0202.2023,FR0202,Observatoire de Paris,FR,Paris,2023,34.0,reported_5_7_only,False,False,15.0,reported_5_7_only,False,False,0.4411764705882353,,1005751.2820096279
expenditure_per_student_ppp_above_200k,UK0021.2023,UK0021,The Institute of Cancer Research,UK,London,2023,350.0,component_sum_5_8_observed,True,False,,missing,False,False,,0.546875,270677.40253847005
expenditure_per_student_ppp_above_200k,UK0171.2023,UK0171,Liverpool School of Tropical Medicine,UK,Liverpool,2023,250.0,component_sum_5_8_observed,True,False,,missing,False,False,,1.0869565217391304,388485.3183081548
expenditure_per_student_ppp_above_200k,UK0269.2023,UK0269,Regents Theological College,UK,Malvern,2023,135.0,component_sum_5_8_observed,True,True,,missing,False,False,,,496427.5285135956
expenditure_per_student_ppp_above_200k,UK0273.2023,UK0273,London School of Science and Technology Limited,UK,London,2023,165.0,component_sum_5_8_observed,True,True,,missing,False,False,,,329426.35147252365
expenditure_per_student_ppp_above_200k,FR0200.2022,FR0200,Muséum national d'histoire naturelle,FR,Paris,2022,264.0,reported_5_7_only,False,False,26.0,reported_5_7_only,False,False,0.09848484848484848,,300746.3144592878
expenditure_per_student_ppp_above_200k,FR0202.2022,FR0202,Observatoire de Paris,FR,Paris,2022,29.0,reported_5_7_only,False,False,6.0,reported_5_7_only,False,False,0.20689655172413793,,1043835.4383334934
expenditure_per_student_ppp_above_200k,NL0014.2022,NL0014,Open Universiteit,NL,Heerlen,2022,65.0,component_sum_5_8_observed,True,True,0.0,component_sum_5_8_observed,False,True,0.0,0.20967741935483872,1191510.642953146
expenditure_per_student_ppp_above_200k,NL0016.2022,NL0016,Nyenrode Business Universiteit,NL,Breukelen,2022,5.0,component_sum_5_8_observed,True,True,0.0,component_sum_5_8_observed,False,True,0.0,,10395704.911513222
expenditure_per_student_ppp_above_200k,UK0021.2022,UK0021,The Institute of Cancer Research,UK,London,2022,375.0,reported_5_7_plus_observed_8,True,False,,missing,False,False,,0.5597014925373134,329084.4862157832
expenditure_per_student_ppp_above_200k,UK0076.2022,UK0076,London School of Hygiene and Tropical Medicine,UK,London,2022,1040.0,reported_5_7_plus_observed_8,True,False,,missing,False,False,,1.1366120218579234,244774.24952958495
expenditure_per_student_ppp_above_200k,UK0171.2022,UK0171,Liverpool School of Tropical Medicine,UK,Liverpool,2022,260.0,reported_5_7_plus_observed_8,True,False,,missing,False,False,,1.1063829787234043,540885.4227210651
expenditure_per_student_ppp_above_200k,UK0269.2022,UK0269,Regents Theological College,UK,Malvern,2022,140.0,component_sum_5_8_observed,True,True,,missing,False,False,,,469238.1295935976
expenditure_per_student_ppp_above_200k,UK0272.2022,UK0272,The Salvation Army,UK,London,2022,45.0,component_sum_5_8_observed,True,True,,missing,False,False,,,5593871.225982293
expenditure_per_student_ppp_above_200k,UK0273.2022,UK0273,London School of Science and Technology Limited,UK,London,2022,50.0,component_sum_5_8_observed,True,True,,missing,False,False,,,720139.6133334633
expenditure_per_student_ppp_above_200k,NL0014.2021,NL0014,Open Universiteit,NL,Heerlen,2021,62.0,component_sum_5_8_observed,True,True,0.0,component_sum_5_8_observed,False,True,0.0,0.22627737226277372,1033534.5126604231
expenditure_per_student_ppp_above_200k,UK0021.2021,UK0021,The Institute of Cancer Research,UK,London,2021,365.0,reported_5_7_plus_observed_8,True,False,,missing,False,False,,0.5615384615384615,408377.7074480063
expenditure_per_student_ppp_above_200k,UK0076.2021,UK0076,London School of Hygiene and Tropical Medicine,UK,London,2021,1125.0,reported_5_7_plus_observed_8,True,False,,missing,False,False,,1.2096774193548387,240307.17981970983
expenditure_per_student_ppp_above_200k,UK0171.2021,UK0171,Liverpool School of Tropical Medicine,UK,Liverpool,2021,270.0,reported_5_7_plus_observed_8,True,False,,missing,False,False,,1.148936170212766,710339.2059718107
expenditure_per_student_ppp_above_200k,UK0269.2021,UK0269,Regents Theological College,UK,Malvern,2021,165.0,component_sum_5_8_observed,True,True,,missing,False,False,,,337104.88568023755
expenditure_per_student_ppp_above_200k,UK0272.2021,UK0272,The Salvation Army,UK,London,2021,35.0,component_sum_5_8_observed,True,True,,missing,False,False,,,6002866.188242089
expenditure_per_student_ppp_above_200k,FR0202.2020,FR0202,Observatoire de Paris,FR,Paris,2020,88.0,reported_5_7_plus_observed_8,True,False,24.0,reported_5_7_plus_observed_8,True,False,0.2727272727272727,,336172.6764925476
expenditure_per_student_ppp_above_200k,NL0014.2020,NL0014,Open Universiteit,NL,Heerlen,2020,46.0,component_sum_5_8_observed,True,True,0.0,component_sum_5_8_observed,False,True,0.0,0.17898832684824903,1269428.2428935193
expenditure_per_student_ppp_above_200k,NL0016.2020,NL0016,Nyenrode Business Universiteit,NL,Breukelen,2020,12.0,component_sum_5_8_observed,True,True,0.0,component_sum_5_8_observed,False,True,0.0,,3565713.3419895675
expenditure_per_student_ppp_above_200k,UK0021.2020,UK0021,The Institute of Cancer Research,UK,London,2020,305.0,reported_5_7_plus_observed_8,True,False,,missing,False,False,,0.4621212121212121,378769.3146499575
expenditure_per_student_ppp_above_200k,UK0076.2020,UK0076,London School of Hygiene and Tropical Medicine,UK,London,2020,1110.0,reported_5_7_plus_observed_8,True,False,,missing,False,False,,1.2131147540983607,200941.0010270318
expenditure_per_student_ppp_above_200k,UK0171.2020,UK0171,Liverpool School of Tropical Medicine,UK,Liverpool,2020,270.0,reported_5_7_plus_observed_8,True,False,,missing,False,False,,1.2,736859.2184163751
expenditure_per_student_ppp_above_200k,UK0255.2020,UK0255,St Nicholas Montessori Training Limited,UK,London,2020,5.0,component_sum_5_8_observed,True,True,,missing,False,False,,,417444.69102249504
expenditure_per_student_ppp_above_200k,UK0269.2020,UK0269,Regents Theological College,UK,Malvern,2020,195.0,reported_5_7_plus_observed_8,True,False,,missing,False,False,,,307951.00157397176
expenditure_per_student_ppp_above_200k,UK0272.2020,UK0272,The Salvation Army,UK,London,2020,30.0,component_sum_5_8_observed,True,True,,missing,False,False,,,6157097.374432572
expenditure_per_student_ppp_above_200k,FR0193.2019,FR0193,Conservatoire national des arts et métiers,FR,Paris,2019,494.0,reported_5_7_plus_observed_8,True,False,129.0,reported_5_7_plus_observed_8,True,False,0.2611336032388664,,271881.20841907134
expenditure_per_student_ppp_above_200k,FR0202.2019,FR0202,Observatoire de Paris,FR,Paris,2019,88.0,reported_5_7_plus_observed_8,True,False,25.0,reported_5_7_plus_observed_8,True,False,0.2840909090909091,,355125.34087558964
expenditure_per_student_ppp_above_200k,NL0014.2019,NL0014,Open Universiteit,NL,Heerlen,2019,47.0,component_sum_5_8_observed,True,True,0.0,component_sum_5_8_observed,False,True,0.0,0.18359375,1176749.1592136996
expenditure_per_student_ppp_above_200k,PT0142.2019,PT0142,Instituto Politécnico da Maia,PT,Maia,2019,1180.0,reported_5_7_plus_observed_8,True,False,74.0,reported_5_7_plus_observed_8,True,False,0.06271186440677966,17.76463191080726,328004.90002123464
expenditure_per_student_ppp_above_200k,UK0021.2019,UK0021,The Institute of Cancer Research,UK,London,2019,280.0,reported_5_7_plus_observed_8,True,False,,missing,False,False,,0.42424242424242425,331187.43539760384
expenditure_per_student_ppp_above_200k,UK0171.2019,UK0171,Liverpool School of Tropical Medicine,UK,Liverpool,2019,345.0,reported_5_7_plus_observed_8,True,False,,missing,False,False,,1.5333333333333334,602940.2139604214
expenditure_per_student_ppp_above_200k,UK0269.2019,UK0269,Regents Theological College,UK,Malvern,2019,210.0,component_sum_5_8_observed,True,True,,missing,False,False,,,306243.6842847662
expenditure_per_student_ppp_above_200k,UK0272.2019,UK0272,The Salvation Army,UK,London,2019,40.0,component_sum_5_8_observed,True,True,,missing,False,False,,,5471155.246928568
expenditure_per_student_ppp_above_200k,NL0014.2018,NL0014,Open Universiteit,NL,Heerlen,2018,42.0,component_sum_5_8_observed,True,True,,missing,False,False,,0.16091954022988506,1327938.7639884225
expenditure_per_student_ppp_above_200k,UK0021.2018,UK0021,The Institute of Cancer Research,UK,London,2018,265.0,reported_5_7_plus_observed_8,True,False,,missing,False,False,,0.42063492063492064,510008.6718069899
expenditure_per_student_ppp_above_200k,UK0076.2018,UK0076,London School of Hygiene and Tropical Medicine,UK,London,2018,1175.0,reported_5_7_plus_observed_8,True,False,,missing,False,False,,1.3823529411764706,218159.9530548247
expenditure_per_student_ppp_above_200k,UK0171.2018,UK0171,Liverpool School of Tropical Medicine,UK,Liverpool,2018,420.0,reported_5_7_plus_observed_8,True,False,,missing,False,False,,1.9090909090909092,593318.786499148
expenditure_per_student_ppp_above_200k,UK0272.2018,UK0272,The Salvation Army,UK,London,2018,35.0,component_sum_5_8_observed,True,True,,missing,False,False,,,6245071.426458429
expenditure_per_student_ppp_above_200k,FR0200.2017,FR0200,Muséum national d'histoire naturelle,FR,Paris,2017,245.0,reported_5_7_only,False,False,60.0,reported_5_7_only,False,False,0.24489795918367346,,265830.1013172646
expenditure_per_student_ppp_above_200k,NL0014.2017,NL0014,Open Universiteit,NL,Heerlen,2017,38.0,component_sum_5_8_observed,True,True,0.0,component_sum_5_8_observed,False,True,0.0,0.16101694915254236,1366978.9649323095
expenditure_per_student_ppp_above_200k,UK0021.2017,UK0021,The Institute of Cancer Research,UK,London,2017,290.0,reported_5_7_plus_observed_8,True,False,,missing,False,False,,0.453125,372219.74312526884
expenditure_per_student_ppp_above_200k,UK0171.2017,UK0171,Liverpool School of Tropical Medicine,UK,Liverpool,2017,435.0,reported_5_7_plus_observed_8,True,False,,missing,False,False,,2.1219512195121952,519835.3781212548
expenditure_per_student_ppp_above_200k,NL0014.2016,NL0014,Open Universiteit,NL,Heerlen,2016,30.0,component_sum_5_8_observed,True,True,,missing,False,False,,0.13043478260869565,1652243.015954799
expenditure_per_student_ppp_above_200k,UK0021.2016,UK0021,The Institute of Cancer Research,UK,London,2016,275.0,reported_5_7_plus_observed_8,True,False,85.0,reported_5_7_plus_observed_8,True,False,0.3090909090909091,0.4330708661417323,376248.6613052235
expenditure_per_student_ppp_above_200k,UK0171.2016,UK0171,Liverpool School of Tropical Medicine,UK,Liverpool,2016,435.0,reported_5_7_plus_observed_8,True,False,195.0,reported_5_7_plus_observed_8,True,False,0.4482758620689655,2.230769230769231,251515.12136775136
expenditure_per_student_ppp_above_200k,CY0039.2015,CY0039,The Cyprus Institute,CY,Nicosia,2015,30.0,reported_5_7_plus_observed_8,True,False,10.0,reported_5_7_plus_observed_8,True,False,0.3333333333333333,2.0,204384.71989252616
expenditure_per_student_ppp_above_200k,NL0014.2015,NL0014,Open Universiteit,NL,Heerlen,2015,40.0,component_sum_5_8_observed,True,True,,missing,False,False,,0.1702127659574468,1292244.0501025307
expenditure_per_student_ppp_above_200k,UK0021.2015,UK0021,The Institute of Cancer Research,UK,London,2015,275.0,reported_5_7_plus_observed_8,True,False,80.0,reported_5_7_plus_observed_8,True,False,0.2909090909090909,0.44,394974.41885795386
expenditure_per_student_ppp_above_200k,CY0039.2014,CY0039,The Cyprus Institute,CY,Nicosia,2014,25.0,reported_5_7_plus_observed_8,True,False,5.0,reported_5_7_plus_observed_8,True,False,0.2,1.25,240855.95399031133
expenditure_per_student_ppp_above_200k,FR0200.2014,FR0200,Muséum national d'histoire naturelle,FR,Paris,2014,360.0,reported_5_7_plus_observed_8,True,False,100.0,reported_5_7_plus_observed_8,True,False,0.2777777777777778,1.469387755102041,202197.29078528244
expenditure_per_student_ppp_above_200k,NL0014.2014,NL0014,Open Universiteit,NL,Heerlen,2014,50.0,component_sum_5_8_observed,True,True,,missing,False,False,,0.2222222222222222,1075149.3238333245
expenditure_per_student_ppp_above_200k,NL0016.2014,NL0016,Nyenrode Business Universiteit,NL,Breukelen,2014,15.0,component_sum_5_8_observed,True,True,,missing,False,False,,,2899806.809521278
expenditure_per_student_ppp_above_200k,UK0021.2014,UK0021,The Institute of Cancer Research,UK,London,2014,300.0,reported_5_7_plus_observed_8,True,False,75.0,reported_5_7_plus_observed_8,True,False,0.25,0.4838709677419355,325042.5621653905
