country_code,year,records_count,institutions_count,institutions_with_student_data,institutions_with_funding_ppp_data,institutions_with_funding_eur_data,median_students_per_institution,median_funding_per_student_ppp,median_funding_per_student_eur,student_data_coverage,funding_ppp_data_coverage
AD,2017,2,2,0,0,0,,,,0.0,0.0
AD,2018,2,2,1,1,1,541.0,6633.793585176,6180.506469500924,0.5,0.5
AD,2019,2,2,1,1,1,569.0,6763.705387637187,6282.697715289983,0.5,0.5
AD,2020,2,2,1,1,1,547.0,7210.297313385951,6842.954296160878,0.5,0.5
AD,2021,1,1,1,1,1,629.0,6460.784432633825,5960.344992050875,1.0,1.0
AD,2022,1,1,1,1,1,674.0,6521.9152120905055,5908.535608308605,1.0,1.0
AD,2023,1,1,1,1,1,675.0,7463.7733754855935,6649.848888888889,1.0,1.0
AL,2013,38,38,35,0,0,730.0,,,0.9210526315789473,0.0
AL,2014,38,38,35,0,0,730.0,,,0.9210526315789473,0.0
AL,2015,40,40,34,0,0,1062.5,,,0.85,0.0
AL,2016,40,40,34,0,0,1072.5,,,0.85,0.0
AL,2017,40,40,37,0,0,974.0,,,0.925,0.0
AL,2018,41,41,39,0,0,1041.0,,,0.9512195121951219,0.0
AL,2019,41,41,39,0,0,1007.0,,,0.9512195121951219,0.0
AL,2022,41,41,0,0,0,,,,0.0,0.0
AL,2023,40,40,0,0,0,,,,0.0,0.0
AT,2013,24,24,24,22,22,5202.5,15403.792445648056,17010.253959804693,1.0,0.9166666666666666
AT,2014,69,69,69,22,22,1765.0,15971.987921095933,17800.301378423785,1.0,0.3188405797101449
AT,2015,69,69,69,22,22,1805.0,16184.350065745512,17980.165549040634,1.0,0.3188405797101449
AT,2016,69,69,69,22,22,1975.0,16204.181425856972,18123.56671574973,1.0,0.3188405797101449
AT,2017,70,70,70,22,22,1812.0207542455,16440.362154990315,18549.82502309712,1.0,0.3142857142857143
AT,2018,70,70,70,22,22,1804.8369544875,17071.565776927153,19268.505576759904,1.0,0.3142857142857143
AT,2019,72,72,72,22,22,1886.719233128,19020.909073221854,21593.10660719365,1.0,0.3055555555555556
AT,2020,73,73,73,22,22,1872.083333333,18764.913525108845,21407.951595120423,1.0,0.3013698630136986
AT,2021,73,73,73,22,22,1976.986567569,20852.976922574213,23549.05830889383,1.0,0.3013698630136986
AT,2022,74,74,74,22,22,2100.5229064325,21795.176574817964,24274.59586196926,1.0,0.2972972972972973
AT,2023,76,76,76,22,22,1926.2061452995,23225.92589348708,26201.16700044278,1.0,0.2894736842105263
BE,2014,65,65,23,22,22,7290.0,6171.091276091132,6889.714855191944,0.35384615384615387,0.3384615384615385
BE,2015,64,64,22,21,21,8070.0,6158.964366986291,6852.525344352617,0.34375,0.328125
BE,2016,63,63,22,21,21,7872.5,6515.601250067482,7325.685953488372,0.3492063492063492,0.3333333333333333
BE,2017,149,149,63,21,21,4257.0,6552.315033267929,7399.005181866809,0.4228187919463087,0.14093959731543623
BE,2018,149,149,63,21,21,4036.0,7103.673391882636,8028.358557303996,0.4228187919463087,0.14093959731543623
BE,2019,149,149,63,21,21,4471.0,6839.333223413109,7737.8848223051245,0.4228187919463087,0.14093959731543623
BE,2020,149,149,63,21,21,4498.0,6566.864110593152,7361.914348462665,0.4228187919463087,0.14093959731543623
BE,2021,148,148,63,21,21,4611.0,7090.739826155089,8002.6798751968945,0.42567567567567566,0.14189189189189189
BE,2022,144,144,57,21,21,3815.0,8056.465480053644,9111.459634666668,0.3958333333333333,0.14583333333333334
BE,2023,143,143,57,21,21,3740.0,8276.487531908424,9321.228553061224,0.3986013986013986,0.14685314685314685
BG,2014,52,52,52,0,0,3602.5,,,1.0,0.0
BG,2015,52,52,52,0,0,3342.5,,,1.0,0.0
BG,2016,52,52,52,0,0,3087.5,,,1.0,0.0
BG,2017,52,52,52,0,0,2830.5,,,1.0,0.0
BG,2018,52,52,52,0,0,2816.5,,,1.0,0.0
BG,2019,52,52,52,0,0,2747.5,,,1.0,0.0
BG,2020,52,52,52,0,0,2674.5,,,1.0,0.0
BG,2021,52,52,52,0,0,2700.5,,,1.0,0.0
BG,2022,52,52,52,0,0,2602.0,,,1.0,0.0
BG,2023,52,52,52,0,0,2105.0,,,1.0,0.0
CH,2014,35,35,35,32,32,3015.0,19347.710407055245,28486.182318321116,1.0,0.9142857142857143
CH,2015,35,35,35,33,33,2965.0,20069.96571364524,32300.823459485848,1.0,0.9428571428571428
CH,2016,35,35,35,33,33,2860.0,20533.456666783844,32589.8465783062,1.0,0.9428571428571428
CH,2017,36,36,36,34,34,2844.5,20562.58108281783,31983.6271754755,1.0,0.9444444444444444
CH,2018,36,36,36,34,34,2909.0,20348.983998900552,30627.247007661244,1.0,0.9444444444444444
CH,2019,36,36,36,34,34,3006.5,20777.071446311013,32560.64444591831,1.0,0.9444444444444444
CH,2020,37,37,37,35,35,3206.0,20846.70022144001,33677.206440868285,1.0,0.9459459459459459
CH,2021,37,37,37,35,35,3282.0,22027.30914539609,33753.06662682745,1.0,0.9459459459459459
CH,2022,38,38,38,35,35,3227.0,25255.322468387207,38869.61792860271,1.0,0.9210526315789473
CH,2023,43,43,43,38,38,2631.0,26460.612936837737,41423.73830554509,1.0,0.8837209302325582
CY,2014,23,23,22,19,19,452.5,4646.855110528593,4406.714932126697,0.9565217391304348,0.8260869565217391
CY,2015,26,26,25,19,19,410.0,4153.705002831778,3830.8416666666667,0.9615384615384616,0.7307692307692307
CY,2016,26,26,25,17,17,550.0,3632.6878715036055,3254.488737201365,0.9615384615384616,0.6538461538461539
CY,2017,26,26,26,20,20,548.0,3915.474256296893,3506.7927153216483,1.0,0.7692307692307693
CY,2018,26,26,26,19,19,758.0,3270.404988941553,2953.5877760428284,1.0,0.7307692307692307
CY,2019,26,26,26,18,18,695.5,3400.0275254632897,3074.417089432247,1.0,0.6923076923076923
CY,2020,26,26,26,16,16,690.0,3333.8837625681917,3019.3284956861207,1.0,0.6153846153846154
CY,2021,28,28,26,16,16,488.0,5243.16026850623,4805.691948343144,0.9285714285714286,0.5714285714285714
CY,2022,28,28,28,17,17,433.5,5074.195863701522,4642.234644020475,1.0,0.6071428571428571
CY,2023,31,31,31,19,19,444.0,5278.078107048931,4780.191721132897,1.0,0.6129032258064516
CZ,2014,71,71,70,26,26,1010.0,9825.929858362688,6324.37182810573,0.9859154929577465,0.36619718309859156
CZ,2015,68,68,67,26,26,870.0,9706.358220833947,6402.481686213563,0.9852941176470589,0.38235294117647056
CZ,2016,67,67,66,26,26,1160.0,9451.521221896553,6329.659359101442,0.9850746268656716,0.3880597014925373
CZ,2017,67,67,64,26,26,1285.0,10775.622505333055,7404.137091135006,0.9552238805970149,0.3880597014925373
CZ,2018,65,65,63,26,26,1331.0,12325.265115302314,8767.340200842898,0.9692307692307692,0.4
CZ,2019,62,62,60,26,26,1504.0,13159.657995330901,9535.497411069435,0.967741935483871,0.41935483870967744
CZ,2020,60,60,59,26,26,1499.0,11935.14184764893,8580.76019330611,0.9833333333333333,0.43333333333333335
CZ,2021,60,60,60,26,26,1464.5,11571.742382744113,8887.85636083683,1.0,0.43333333333333335
CZ,2022,56,56,56,26,26,1981.5,12158.211967122184,10002.685606281702,1.0,0.4642857142857143
CZ,2023,54,54,54,26,26,2189.0,11.992123348587674,10.058715693237135,1.0,0.48148148148148145
DE,2014,389,389,387,383,383,2925.0,6609.41260744581,7090.643939393939,0.9948586118251928,0.9845758354755784
DE,2015,390,390,387,382,382,2915.0,6912.141629502049,7480.181428614527,0.9923076923076923,0.9794871794871794
DE,2016,392,392,382,377,377,2840.0,7161.20158780989,7758.732248296745,0.9744897959183674,0.9617346938775511
DE,2017,403,403,401,383,383,2781.0,7726.137701083766,8377.451109285128,0.9950372208436724,0.9503722084367245
DE,2018,402,402,401,383,383,2791.0,7954.956156431073,8627.309050772627,0.9975124378109452,0.9527363184079602
DE,2019,402,402,398,381,381,2923.5,7938.661391463018,8760.868551776844,0.9900497512437811,0.9477611940298507
DE,2020,400,400,400,396,396,3079.0,7921.701852599437,8765.125448845698,1.0,0.99
DE,2021,400,400,397,394,394,3177.0,8382.0561771508,9286.3962181036,0.9925,0.985
DE,2022,399,399,399,396,396,3011.0,9316.540758867446,10389.619923473798,1.0,0.9924812030075187
DE,2023,400,400,400,397,397,2964.0,9948.16071952779,11165.517146776407,1.0,0.9925
DK,2014,33,33,0,0,0,,,,0.0,0.0
DK,2015,33,33,31,0,0,5400.0,,,0.9393939393939394,0.0
DK,2016,33,33,31,0,0,5310.0,,,0.9393939393939394,0.0
DK,2017,43,43,40,37,37,1724.5,8921.378230640337,11998.393796543982,0.9302325581395349,0.8604651162790697
DK,2018,41,41,40,38,38,1777.0,9939.119126201304,13305.1802722315,0.975609756097561,0.926829268292683
DK,2019,41,41,40,38,38,1757.0,10158.553202083234,13678.48692032828,0.975609756097561,0.926829268292683
DK,2020,41,41,39,37,37,1908.0,10096.059274816424,13495.037906152893,0.9512195121951219,0.9024390243902439
DK,2021,41,41,40,37,37,1605.0,9962.46792207064,13205.715395708667,0.975609756097561,0.9024390243902439
DK,2022,40,40,38,36,36,1851.0,10805.982098450459,14366.221740521789,0.95,0.9
DK,2023,40,40,38,36,36,1764.5,11269.089639919268,14661.144758203682,0.95,0.9
EE,2014,25,25,25,0,0,700.0,,,1.0,0.0
EE,2015,24,24,24,17,17,775.0,8325.59996067219,6224.601508196722,1.0,0.7083333333333334
EE,2016,22,22,21,14,14,955.0,8615.872012172624,6547.028824609733,0.9545454545454546,0.6363636363636364
EE,2017,20,20,20,14,14,959.5,7564.960318503096,5891.243107875558,1.0,0.7
EE,2018,20,20,20,14,14,979.0,7502.6345492753735,5960.610567728256,1.0,0.7
EE,2019,19,19,19,13,13,1155.0,10209.258327863812,8299.01421139554,1.0,0.6842105263157895
EE,2020,18,18,18,12,12,1150.0,9113.486971390908,7349.936107557054,1.0,0.6666666666666666
EE,2021,18,18,18,12,12,1106.0,9734.623116087969,8150.858342839153,1.0,0.6666666666666666
EE,2022,18,18,18,12,12,1042.5,11120.39490950793,10093.871255411252,1.0,0.6666666666666666
EE,2023,18,18,18,12,12,1067.5,12935.069463038486,11865.804880945874,1.0,0.6666666666666666
ES,2014,81,81,81,0,0,13490.0,,,1.0,0.0
ES,2015,82,82,82,0,0,13117.5,,,1.0,0.0
ES,2016,82,82,82,0,0,13425.0,,,1.0,0.0
ES,2017,82,82,82,0,0,13556.0,,,1.0,0.0
ES,2018,83,83,83,0,0,13390.0,,,1.0,0.0
ES,2019,83,83,83,0,0,13565.0,,,1.0,0.0
ES,2020,84,84,84,0,0,13670.5,,,1.0,0.0
ES,2021,86,86,86,0,0,13880.0,,,1.0,0.0
ES,2022,89,89,89,0,0,13747.0,,,1.0,0.0
ES,2023,91,91,91,0,0,13796.0,,,1.0,0.0
FI,2014,41,41,41,38,38,5385.0,5372.772305879445,6800.425362997733,1.0,0.926829268292683
FI,2015,41,41,41,37,37,5430.0,6043.877246185531,7630.153268219384,1.0,0.9024390243902439
FI,2016,41,41,41,37,37,5350.0,5760.52243890243,7305.0337152209495,1.0,0.9024390243902439
FI,2017,40,40,40,36,36,5842.5,5904.272718398706,7423.855387932981,1.0,0.9
FI,2018,40,40,40,36,36,5710.0,6031.025234095031,7592.819528716282,1.0,0.9
FI,2019,39,39,39,36,36,5555.0,6139.790627537135,7800.72678809848,1.0,0.9230769230769231
FI,2020,38,38,38,35,35,6035.0,5895.2507005630205,7402.135732133933,1.0,0.9210526315789473
FI,2021,38,38,38,35,35,6342.5,6076.570759026663,7530.815673076923,1.0,0.9210526315789473
FI,2022,38,38,38,35,35,6899.5,5966.4718375316315,7451.049360146252,1.0,0.9210526315789473
FI,2023,38,38,38,35,35,7588.5,6113.995742959647,7540.390949792133,1.0,0.9210526315789473
FR,2014,375,375,321,102,102,1050.0,8024.024065600026,9040.66791471155,0.856,0.272
FR,2015,377,377,0,0,0,,,,0.0,0.0
FR,2017,212,212,123,109,109,7850.0,8561.758726516326,9599.187031408308,0.5801886792452831,0.5141509433962265
FR,2018,209,209,0,0,0,,,,0.0,0.0
FR,2019,205,205,117,108,108,8437.0,7181.058862103304,7794.608531281408,0.5707317073170731,0.526829268292683
FR,2020,202,202,116,114,114,9740.0,6932.915288797885,7521.450467663937,0.5742574257425742,0.5643564356435643
FR,2021,354,354,292,74,74,2099.5,6939.296242436497,7657.999154265644,0.8248587570621468,0.20903954802259886
FR,2022,782,782,778,115,115,616.0,8393.092683645182,9282.424784404227,0.9948849104859335,0.14705882352941177
FR,2023,816,816,690,119,119,614.5,8857.462368961955,9621.861371403373,0.8455882352941176,0.14583333333333334
GR,2014,49,49,45,0,0,11545.0,,,0.9183673469387755,0.0
GR,2015,47,47,45,0,0,14770.0,,,0.9574468085106383,0.0
GR,2016,47,47,45,0,0,14175.0,,,0.9574468085106383,0.0
GR,2017,47,47,45,0,0,14718.0,,,0.9574468085106383,0.0
GR,2018,46,46,44,0,0,14420.0,,,0.9565217391304348,0.0
GR,2019,47,47,45,0,0,12992.0,,,0.9574468085106383,0.0
GR,2020,47,47,45,0,0,13921.0,,,0.9574468085106383,0.0
GR,2021,47,47,45,0,0,15877.0,,,0.9574468085106383,0.0
GR,2022,45,45,43,0,0,16180.0,,,0.9555555555555556,0.0
GR,2023,43,43,43,0,0,14165.0,,,1.0,0.0
HR,2014,37,37,37,0,0,1060.0,,,1.0,0.0
HR,2015,37,37,37,0,0,1020.0,,,1.0,0.0
HR,2016,37,37,37,0,0,1025.0,,,1.0,0.0
HR,2017,39,39,39,0,0,1004.0,,,1.0,0.0
HR,2018,39,39,38,0,0,976.5,,,0.9743589743589743,0.0
HR,2019,39,39,38,0,0,921.5,,,0.9743589743589743,0.0
HR,2020,40,40,39,0,0,903.0,,,0.975,0.0
HR,2021,43,43,43,0,0,766.0,,,1.0,0.0
HR,2022,38,38,38,0,0,1040.0,,,1.0,0.0
HR,2023,37,37,37,0,0,885.0,,,1.0,0.0
HU,2014,52,52,52,52,52,1585.0,5610.686158027502,3281.5725804837216,1.0,1.0
HU,2015,50,50,50,28,28,1870.0,7313.307476006604,4349.058816780056,1.0,0.56
HU,2016,53,53,52,0,0,1542.5,,,0.9811320754716981,0.0
HU,2017,52,52,52,0,0,1396.0,,,1.0,0.0
HU,2018,52,52,52,0,0,1424.5,,,1.0,0.0
HU,2019,52,52,52,0,0,1466.5,,,1.0,0.0
HU,2020,51,51,51,0,0,1389.0,,,1.0,0.0
HU,2021,51,51,51,0,0,1324.0,,,1.0,0.0
HU,2022,50,50,50,0,0,1538.5,,,1.0,0.0
HU,2023,50,50,50,0,0,1986.0,,,1.0,0.0
IE,2014,27,27,27,23,23,4630.0,8009.081258657491,9152.057245080501,1.0,0.8518518518518519
IE,2015,27,27,27,26,26,4780.0,8311.15008379834,9359.019886363636,1.0,0.9629629629629629
IE,2016,25,25,25,24,24,5745.0,8006.263682181174,9154.682144753242,1.0,0.96
IE,2017,25,25,25,24,24,5915.0,8230.595816389074,9519.095591444784,1.0,0.96
IE,2018,25,25,25,24,24,6071.0,8841.6891285372,10329.126490631013,1.0,0.96
IE,2019,23,23,23,22,22,6739.0,8569.597254410604,10463.821031525526,1.0,0.9565217391304348
IE,2020,22,22,22,21,21,8050.0,9262.545059415854,11243.525571273123,1.0,0.9545454545454546
IE,2021,18,18,18,14,14,15135.0,10193.563195411643,12015.56068095952,1.0,0.7777777777777778
IE,2022,18,18,18,0,0,14600.0,,,1.0,0.0
IE,2023,18,18,18,16,16,14445.0,13701.262680901751,16239.4215925388,1.0,0.8888888888888888
IS,2014,7,7,7,0,0,470.0,,,1.0,0.0
IS,2015,7,7,0,0,0,,,,0.0,0.0
IS,2016,7,7,0,0,0,,,,0.0,0.0
IS,2017,7,7,7,2,2,437.0,8914.466155393844,14887.986769045969,1.0,0.2857142857142857
IS,2018,7,7,7,2,2,522.0,8633.143781845853,14032.757027338603,1.0,0.2857142857142857
IS,2019,7,7,7,1,1,576.0,10092.26022121339,15674.247592545784,1.0,0.14285714285714285
IS,2020,7,7,7,2,2,753.0,19195.72619253059,27845.164703385777,1.0,0.2857142857142857
IS,2021,7,7,7,2,2,769.0,19083.94412376273,28411.118546155856,1.0,0.2857142857142857
IS,2022,7,7,5,3,3,648.0,11260.857955056512,17300.18971195673,0.7142857142857143,0.42857142857142855
IS,2023,7,7,7,1,1,678.0,11124.337523695913,16462.64698889925,1.0,0.14285714285714285
IT,2014,215,215,213,90,90,650.0,6653.543166453164,6866.057335189678,0.9906976744186047,0.4186046511627907
IT,2015,215,215,214,89,89,672.5,6918.886632421455,7108.118181818182,0.9953488372093023,0.413953488372093
IT,2016,216,216,214,0,0,790.0,,,0.9907407407407407,0.0
IT,2017,206,206,206,0,0,907.5,,,1.0,0.0
IT,2018,207,207,207,0,0,925.0,,,1.0,0.0
IT,2019,207,207,207,0,0,1020.0,,,1.0,0.0
IT,2020,208,208,208,0,0,1057.5,,,1.0,0.0
IT,2021,208,208,208,0,0,1065.0,,,1.0,0.0
IT,2022,210,210,208,0,0,1015.0,,,0.9904761904761905,0.0
IT,2023,209,209,209,0,0,1090.0,,,1.0,0.0
LI,2014,1,1,1,1,1,655.0,18922.88609200166,27860.701440363617,1.0,1.0
LI,2015,1,1,1,1,1,655.0,21029.486571056535,33845.08687593328,1.0,1.0
LI,2016,1,1,1,1,1,655.0,18490.352814764177,29347.1173018187,1.0,1.0
LI,2017,2,2,2,1,1,385.0,18936.21062604849,29453.92401569153,1.0,0.5
LI,2018,2,2,2,1,1,405.0,19491.40963261459,29336.512200208548,1.0,0.5
LI,2019,2,2,2,1,1,412.5,19270.04990226391,30198.92601053366,1.0,0.5
LI,2020,2,2,2,1,1,437.5,25750.110600225307,41598.515896875884,1.0,0.5
LI,2021,2,2,2,1,1,432.5,21551.337032196203,33023.72114285101,1.0,0.5
LI,2022,2,2,2,1,1,425.0,23181.482200042636,35677.84007756139,1.0,0.5
LI,2023,2,2,2,1,1,415.0,24394.293018298355,38188.941902097155,1.0,0.5
LT,2014,43,43,40,37,37,1707.5,9861.778851513262,1763.792628708815,0.9302325581395349,0.8604651162790697
LT,2015,43,43,33,30,30,1870.0,3027.696282556289,1877.4229939763516,0.7674418604651163,0.6976744186046512
LT,2016,43,43,33,30,30,1845.0,3185.0942273925343,2010.3327384091185,0.7674418604651163,0.6976744186046512
LT,2017,41,41,33,26,26,1690.0,3636.918823435468,2344.1360215382733,0.8048780487804879,0.6341463414634146
LT,2018,38,38,31,24,24,1610.0,4344.077754082654,2861.01395291659,0.8157894736842105,0.631578947368421
LT,2019,36,36,30,23,23,1432.5,4632.33904196184,3075.5905511811015,0.8333333333333334,0.6388888888888888
LT,2020,36,36,26,20,20,1380.0,4071.699303705278,2762.7253398508014,0.7222222222222222,0.5555555555555556
LT,2021,35,35,25,13,13,1310.0,4630.758558329264,3193.9129005751847,0.7142857142857143,0.37142857142857144
LT,2022,35,35,29,25,25,1400.0,5648.037296688905,4279.0151843817775,0.8285714285714286,0.7142857142857143
LT,2023,34,34,28,23,23,1515.0,5387.1956429316,4233.86170212766,0.8235294117647058,0.6764705882352942
LU,2014,1,1,1,1,1,5085.0,26824.05748512937,33088.54787020649,1.0,1.0
LU,2015,2,2,1,1,1,5055.0,30113.106148530103,36907.52628882295,0.5,0.5
LU,2016,2,2,1,1,1,5140.0,29835.111660558825,36588.88588715954,0.5,0.5
LU,2017,3,3,1,1,1,6244.0,26927.01701665004,33255.6738260733,0.3333333333333333,0.3333333333333333
LU,2018,3,3,1,1,1,6283.0,27355.279545205212,34242.518276301525,0.3333333333333333,0.3333333333333333
LU,2019,3,3,1,1,1,6615.0,27693.105904913482,35316.74102947712,0.3333333333333333,0.3333333333333333
LU,2020,3,3,1,1,1,6785.0,27444.297558508533,36008.29061164112,0.3333333333333333,0.3333333333333333
LU,2021,3,3,1,1,1,6859.0,29371.59638950477,38417.16692958056,0.3333333333333333,0.3333333333333333
LU,2022,3,3,1,1,1,7132.0,31601.47791711488,40936.55449383062,0.3333333333333333,0.3333333333333333
LU,2023,3,3,1,1,1,7535.0,32813.26352295299,42419.01828666225,0.3333333333333333,0.3333333333333333
LV,2014,45,45,44,29,29,852.5,3372.677392742374,2341.2721739130434,0.9777777777777777,0.6444444444444445
LV,2015,44,44,43,28,28,825.0,3473.662512377378,2403.777932227658,0.9772727272727273,0.6363636363636364
LV,2016,44,44,43,27,27,790.0,3775.7523094557123,2633.6854054054056,0.9772727272727273,0.6136363636363636
LV,2017,42,42,41,28,28,768.0,3930.435728209698,2772.6079713936856,0.9761904761904762,0.6666666666666666
LV,2018,41,41,40,27,27,765.5,4286.581133656443,3096.9176984705027,0.975609756097561,0.6585365853658537
LV,2019,41,41,40,27,27,703.0,5147.269933764957,3797.2491228070176,0.975609756097561,0.6585365853658537
LV,2020,41,41,40,27,27,668.5,4795.929887016469,3526.0204081632655,0.975609756097561,0.6585365853658537
LV,2021,41,41,40,26,26,660.0,5786.814898058044,4210.40550441846,0.975609756097561,0.6341463414634146
LV,2022,40,40,39,25,25,648.0,6535.922252219054,5014.196153846154,0.975,0.625
LV,2023,42,42,26,24,24,611.5,6320.913434454222,4967.896630155559,0.6190476190476191,0.5714285714285714
ME,2014,10,10,0,0,0,,,,0.0,0.0
ME,2015,10,10,0,0,0,,,,0.0,0.0
ME,2016,10,10,0,0,0,,,,0.0,0.0
ME,2022,7,7,4,4,4,562.5,6800.281881636442,3743.6707806328495,0.5714285714285714,0.5714285714285714
MK,2014,13,13,9,0,0,3521.0,,,0.6923076923076923,0.0
MK,2015,14,14,9,0,0,1985.0,,,0.6428571428571429,0.0
MK,2016,16,16,15,0,0,708.0,,,0.9375,0.0
MK,2017,17,17,16,0,0,733.0,,,0.9411764705882353,0.0
MK,2018,17,17,15,0,0,917.0,,,0.8823529411764706,0.0
MK,2019,17,17,16,0,0,780.5,,,0.9411764705882353,0.0
MT,2014,2,2,2,2,2,6402.5,5854.775147260212,4789.668597695488,1.0,1.0
MT,2015,2,2,2,2,2,6455.0,6043.051990290251,5040.159168085661,1.0,1.0
MT,2016,2,2,2,2,2,6667.5,5936.331188125231,4982.362766193506,1.0,1.0
MT,2017,4,4,3,3,3,2290.0,8393.940636226167,7166.352,0.75,0.75
MT,2018,4,4,4,4,4,1410.7200000000003,7382.041827966505,6386.9130613893085,1.0,1.0
MT,2019,4,4,4,4,4,1516.4714299589302,9119.352117013737,7901.654148181009,1.0,1.0
MT,2020,7,7,7,6,6,471.6,6863.448823622495,5990.219093241829,1.0,0.8571428571428571
MT,2021,8,8,8,8,8,514.85,3663.211995896495,3253.6905372392384,1.0,1.0
MT,2022,11,11,11,11,11,525.0,3455.0557736874935,3126.2864864864864,1.0,1.0
MT,2023,13,13,13,13,13,480.0,5955.707725135405,5379.260730127274,1.0,1.0
NL,2014,56,56,56,55,55,8432.5,10179.185215951728,11486.396181384249,1.0,0.9821428571428571
NL,2015,56,56,56,55,55,8597.5,10669.366715410348,12018.934911242604,1.0,0.9821428571428571
NL,2016,56,56,56,55,55,8852.5,10875.742565017728,12453.921568627451,1.0,0.9821428571428571
NL,2017,58,58,57,55,55,7451.0,10772.095701187123,12266.185374941779,0.9827586206896551,0.9482758620689655
NL,2018,57,57,55,53,53,7164.0,10726.01495718524,12285.792052259118,0.9649122807017544,0.9298245614035088
NL,2019,57,57,55,53,53,7008.0,10433.310456195497,12309.32400932401,0.9649122807017544,0.9298245614035088
NL,2020,57,57,56,54,54,6105.5,10056.592639772494,11772.649607823272,0.9824561403508771,0.9473684210526315
NL,2021,57,57,55,53,53,6805.0,11216.216407925069,13038.851574212893,0.9649122807017544,0.9298245614035088
NL,2022,57,57,56,54,54,5937.5,14014.29335772566,16209.912698080541,0.9824561403508771,0.9473684210526315
NL,2023,57,57,54,52,52,9342.5,14251.887993756944,16672.14361285675,0.9473684210526315,0.9122807017543859
NO,2014,48,48,47,47,47,2795.0,7956.5105263564465,12328.667536362813,0.9791666666666666,0.9791666666666666
NO,2015,48,48,47,47,47,3210.0,7559.500745990146,11668.167449378594,0.9791666666666666,0.9791666666666666
NO,2016,37,37,36,35,35,3697.5,7581.594905793891,11796.901612129148,0.972972972972973,0.9459459459459459
NO,2017,32,32,31,30,30,4193.0,8397.556958694873,12779.916639272918,0.96875,0.9375
NO,2018,33,33,32,30,30,4314.0,8969.59606396714,13208.273426667482,0.9696969696969697,0.9090909090909091
NO,2019,33,33,32,30,30,4710.0,9031.912750530548,13365.554881656284,0.9696969696969697,0.9090909090909091
NO,2020,34,34,32,29,29,5089.0,8481.737915386946,11872.439760809568,0.9411764705882353,0.8529411764705882
NO,2021,34,34,32,29,29,4066.0,11723.782442478525,16247.969934671097,0.9411764705882353,0.8529411764705882
NO,2022,34,34,33,29,29,3419.0,12802.468792128586,17185.235438098603,0.9705882352941176,0.8529411764705882
NO,2023,34,34,33,29,29,4290.0,11271.941273938699,14086.76940699548,0.9705882352941176,0.8529411764705882
PL,2014,282,282,281,93,93,2070.0,4385.086817107182,2583.7984123293227,0.9964539007092199,0.32978723404255317
PL,2015,281,281,279,93,93,1950.0,5214.266834755225,3059.2708305172473,0.9928825622775801,0.3309608540925267
PL,2016,274,274,272,0,0,2062.5,,,0.9927007299270073,0.0
PL,2017,248,248,241,133,133,1965.0,6795.695652300839,4050.5985783763567,0.9717741935483871,0.5362903225806451
PL,2018,245,245,241,133,133,2045.0,7651.486062467759,4629.297195823067,0.9836734693877551,0.5428571428571428
PL,2019,243,243,239,129,129,2035.0,8730.521606269085,5305.47394763693,0.9835390946502057,0.5308641975308642
PL,2020,239,239,237,134,134,2550.0,8015.558375371162,4795.822413871915,0.9916317991631799,0.5606694560669456
PL,2021,239,239,237,126,126,2595.0,8394.379703547413,5052.661947909341,0.9916317991631799,0.5271966527196653
PL,2022,265,265,263,120,120,2325.0,9325.350709856775,5803.424387368646,0.9924528301886792,0.4528301886792453
PT,2014,91,91,90,34,34,1252.5,7277.589208046456,5877.584816916143,0.989010989010989,0.37362637362637363
PT,2015,90,90,90,34,34,1272.5,6674.195411656701,5429.604799681783,1.0,0.37777777777777777
PT,2016,96,96,95,34,34,865.0,6573.983864759695,5407.745979183595,0.9895833333333334,0.3541666666666667
PT,2017,90,90,90,34,34,1325.5,6629.432644101959,5556.28660540531,1.0,0.37777777777777777
PT,2018,90,90,90,34,34,1412.5,6693.979023515538,5638.673230458313,1.0,0.37777777777777777
PT,2019,89,89,89,34,34,1478.0,6349.708151193201,5376.374088113097,1.0,0.38202247191011235
PT,2020,92,92,92,34,34,1476.0,6283.571683959472,5339.2325462922545,1.0,0.3695652173913043
PT,2021,93,93,93,34,34,1499.0,6186.035727606821,5241.397141822622,1.0,0.3655913978494624
PT,2022,94,94,94,34,34,1326.5,6724.050880767585,5627.976794795422,1.0,0.3617021276595745
PT,2023,94,94,94,34,34,1385.0,7227.542468385304,5938.293442874734,1.0,0.3617021276595745
RO,2014,96,96,45,0,0,6815.0,,,0.46875,0.0
RO,2015,96,96,51,18,18,5855.0,4355.443626363276,2265.8613976122047,0.53125,0.1875
RO,2016,94,94,51,17,17,5630.0,4248.697971531471,2175.1585085412653,0.5425531914893617,0.18085106382978725
RO,2017,94,94,53,20,20,5251.0,4530.664742071209,2329.5319935626767,0.5638297872340425,0.2127659574468085
RO,2018,93,93,52,19,19,5384.0,5087.274841473653,2684.7890752876415,0.5591397849462365,0.20430107526881722
RO,2019,92,92,52,20,20,5681.0,6524.843843762679,3460.4236316787865,0.5652173913043478,0.21739130434782608
RO,2020,90,90,47,4,4,6688.0,7265.435246566972,3795.466496239468,0.5222222222222223,0.044444444444444446
RO,2021,90,90,46,0,0,7132.5,,,0.5111111111111111,0.0
RO,2022,91,91,85,0,0,3133.0,,,0.9340659340659341,0.0
RO,2023,90,90,86,0,0,2887.5,,,0.9555555555555556,0.0
RS,2014,41,41,15,0,0,2755.0,,,0.36585365853658536,0.0
RS,2015,46,46,16,0,0,2940.0,,,0.34782608695652173,0.0
RS,2016,46,46,46,0,0,1155.0,,,1.0,0.0
RS,2017,46,46,46,0,0,1103.5,,,1.0,0.0
RS,2018,46,46,46,0,0,1093.5,,,1.0,0.0
RS,2019,47,47,44,0,0,1135.0,,,0.9361702127659575,0.0
RS,2020,40,40,39,0,0,1644.0,,,0.975,0.0
RS,2021,40,40,39,0,0,1589.0,,,0.975,0.0
RS,2022,40,40,39,0,0,1540.0,,,0.975,0.0
RS,2023,41,41,40,0,0,1480.0,,,0.975609756097561,0.0
SE,2014,37,37,37,37,37,10605.0,9844.186967215877,13173.910041525583,1.0,1.0
SE,2015,37,37,37,37,37,10845.0,8767.86459177775,11543.284860483105,1.0,1.0
SE,2016,37,37,37,37,37,10830.0,8353.17291899925,11204.255891352286,1.0,1.0
SE,2017,37,37,37,37,37,10879.999999999993,8667.821998094956,11593.890002682732,1.0,1.0
SE,2018,37,37,37,37,37,11124.999999999987,8884.157606380633,11322.596154339388,1.0,1.0
SE,2019,37,37,37,37,37,11337.999999999987,8930.406772437691,11130.981929091387,1.0,1.0
SE,2020,37,37,37,37,37,11869.99999999994,7995.353701064374,10069.686176422541,1.0,1.0
SE,2021,37,37,37,37,37,12410.999999999987,8876.084790591072,11470.107776797126,1.0,1.0
SE,2022,38,38,38,38,38,11675.0,9163.907009510636,11644.634639888716,1.0,1.0
SE,2023,39,39,39,38,38,12655.0,9073.900484072634,10778.280457040975,1.0,0.9743589743589743
SI,2014,48,48,44,0,0,112.5,,,0.9166666666666666,0.0
SI,2015,50,50,48,0,0,105.0,,,0.96,0.0
SI,2016,52,52,51,0,0,100.0,,,0.9807692307692307,0.0
SI,2017,53,53,51,0,0,112.0,,,0.9622641509433962,0.0
SI,2018,53,53,51,0,0,107.0,,,0.9622641509433962,0.0
SI,2019,52,52,50,0,0,123.0,,,0.9615384615384616,0.0
SI,2020,46,46,46,0,0,130.0,,,1.0,0.0
SI,2021,46,46,44,0,0,152.0,,,0.9565217391304348,0.0
SI,2022,46,46,45,0,0,125.0,,,0.9782608695652174,0.0
SK,2014,32,32,32,23,23,3667.5,8257.32390889431,5592.173529411764,1.0,0.71875
SK,2015,32,32,32,23,23,2897.5,8915.382305136136,6094.7960591133005,1.0,0.71875
SK,2016,32,32,32,23,23,2487.5,8812.01176426093,6383.315577889447,1.0,0.71875
SK,2017,32,32,32,23,23,2118.0,8965.204327996922,6740.551630434783,1.0,0.71875
SK,2018,32,32,32,23,23,2010.0,8886.686921196675,6893.029803921569,1.0,0.71875
SK,2019,31,31,31,23,23,2240.0,9054.39755702182,7100.956556082148,1.0,0.7419354838709677
SK,2020,31,31,31,23,23,2228.0,10061.970909790783,7703.575734157651,1.0,0.7419354838709677
SK,2021,31,31,31,23,23,2379.0,10280.15600851853,7864.658591664956,1.0,0.7419354838709677
SK,2022,31,31,31,23,23,2360.0,11619.362154092987,9175.124750720142,1.0,0.7419354838709677
SK,2023,31,31,31,23,23,2210.0,13529.724661135435,10751.246875,1.0,0.7419354838709677
TR,2014,189,189,179,103,103,9160.0,2727.7097800608076,1446.1976583436792,0.9470899470899471,0.544973544973545
TR,2015,195,195,181,0,0,11150.0,,,0.9282051282051282,0.0
TR,2016,179,179,174,0,0,14007.5,,,0.9720670391061452,0.0
TR,2017,186,186,177,0,0,14016.0,,,0.9516129032258065,0.0
TR,2018,201,201,195,0,0,12760.0,,,0.9701492537313433,0.0
TR,2019,206,206,200,0,0,12617.5,,,0.970873786407767,0.0
TR,2020,208,208,204,0,0,12523.5,,,0.9807692307692307,0.0
TR,2021,207,207,204,0,0,13476.5,,,0.9855072463768116,0.0
TR,2022,208,208,205,0,0,14670.0,,,0.9855769230769231,0.0
TR,2023,208,208,205,0,0,15565.0,,,0.9855769230769231,0.0
UK,2014,161,161,160,159,159,13707.5,10175.733855016846,12300.668740582236,0.9937888198757764,0.9875776397515528
UK,2015,258,258,258,160,160,3852.5,10839.822429553251,14384.210196134853,1.0,0.6201550387596899
UK,2016,260,260,258,162,162,3892.5,10692.509971919084,12934.377593282868,0.9923076923076923,0.6230769230769231
UK,2017,258,258,254,162,162,4932.5,10930.295448948895,12426.651362349661,0.9844961240310077,0.627906976744186
UK,2018,256,256,247,182,182,5115.0,11522.213508342451,13207.743085548178,0.96484375,0.7109375
UK,2019,255,255,242,221,221,5500.0,10389.25586101811,12186.902374536949,0.9490196078431372,0.8666666666666667
UK,2020,254,254,239,227,227,6235.0,10258.979686752646,11794.770969745325,0.9409448818897638,0.8937007874015748
UK,2021,252,252,232,224,224,8075.0,10370.067249714335,12651.096002129398,0.9206349206349206,0.8888888888888888
UK,2022,246,246,246,236,236,6522.5,11064.907146406216,13308.744090948676,1.0,0.959349593495935
UK,2023,245,245,245,229,229,6885.0,10512.759585205646,12784.909959920013,1.0,0.9346938775510204
VA,2017,14,14,0,0,0,,,,0.0,0.0
VA,2018,14,14,0,0,0,,,,0.0,0.0
VA,2019,14,14,0,0,0,,,,0.0,0.0
VA,2020,14,14,0,0,0,,,,0.0,0.0
VA,2021,14,14,0,0,0,,,,0.0,0.0
XK,2017,29,29,22,0,0,503.5,,,0.7586206896551724,0.0
XK,2018,29,29,23,0,0,459.0,,,0.7931034482758621,0.0
XK,2019,29,29,14,0,0,305.5,,,0.4827586206896552,0.0
XK,2020,21,21,19,0,0,646.0,,,0.9047619047619048,0.0
XK,2021,23,23,22,0,0,462.0,,,0.9565217391304348,0.0
XK,2022,23,23,21,0,0,409.0,,,0.9130434782608695,0.0
XK,2023,23,23,20,0,0,412.0,,,0.8695652173913043,0.0
